"A. (C. R.) What are we to believe. 25., Is. netA. (M.)-Early poems, 3s. 6d. net......Dec. 13"
"A B C fiscal handbook (The). 3rd edit. 8vo.81 X5, pp. 262, Is, netFREE TRADE UNION, Jan. 13"
"A B C guide to patents for inventors. 8vo. 25. 6d.net.BUTTERWORTH, Apr. 13"
"A B C or Alphabetical railway guide. Monthly.8vo. ea. swd. 6d. ...OFFICE, Jan.-Dec. 13"
A. B. K. W.: Love-and other things. VersesIs. 6d. net.. Aug. 13
A. E.-Collected poems. 6s. net.. Sep. 13
"A. H. D.-Little bk, of toasts and maxims, is, net.Feb. 13"
Dec. 13
"ACCOUNTINGAbercrombie (Lascelles) --Speculative dialoguesCr. 8vo. 73 X5, pp. 204, 5s. netM. SOCKER, Oct. 13"
"Abingdon, Abbey of, Early hist., Stenton (F. M).28. 6d, netJune 13"
Abney (Sir William de W.)-Researches in colourvision an
"d the trichromatic theory. 8vo.9X58, pp. 432, 213, net....LONGMANS, Jan. 13"
"Aborigines of S. America, Church (G. E.) ios, 6d.net.About Edmond)-L'Homine à l'oreille Cassée.Cr. 8vo., IS. 6d..... ...RIVINGTON, May 13"
"About (Edmond)--Le Nez d'un notaire. 12mo.,pp. 252, Is, net.......NELSON, Feb. 13"
"Abraham (Ashley P.)-Some portraits of the Lakepoets and their honies. Illus. Ryl. 8vo.94 X6, pp. 56, bds. 35. 6d. netSIMPKIN, Aug. 13"
"Abraham (George D.)-Motor ways in lakeland.8vo. 9 X5), pp. 320, 7s. 6d. netMETHUEN, Aug. 13"
"Abraham (J. Johnston)-The Surgeon's log :impressions of the Far Fast. Re-issue. Cr. 8vo.74 X5, pp. 316, 25. 6d. netCHAPMAN & H., June 13"
Abraham (K.)—Steam economy in the sugarfactory. Trans. from the German 
"edit. by E. J.Bayle. Cr. 8vo., 6s. 6d. netCHAPMAN & H., Jan"
", 13"
"Abramowski (O. L. M.)— Eating for health. 3rdedit. Cr. 8vo., 38. 6d. net W. SCOTT, Aug. 13"
"Academy Architecture and Architectural Review,1913"
". Vol. 43. Edit. by Alex. Koch. 4to.45. rod. net, swd. 45. net.. SIMPKIN, June 13"
"Accidental daughter, Hamilton (C.) 60... May 13"
"Accidents, Occupational : Safety, Tolman "
"(W. H.)and Kendall (L. B.) 125, 6d, net........ Sep. 13"
"Accidents to shipping, &c., due to defects ofsight, Nettleship (E.) 25. net.. .Sep. 13"
"According to my gospel, Black (H.) 6s.....Nov. 13"
"Accountancy for retail traders, Wood (D.) 25. 6d.net...Accountants' (Incorporated) Year book. 8vo.71 x 41, pp. 782, 25. ...SOCIETY, Oct. 13"
Accountants (Institute of Chartered) in Englan
"dand Wales.-List of members, 1913"
", RoyalCharter, and bye-laws. 8vo. 71 X 5, pp. 780, 25.GEE, Oct. 13"
"Accounting, Municipal, Handbook of 7s. 6d. netMay 13"
A. H. W.-Which temple are ye? 6s. net Sep. 13
"A. L.-School temperature register, No. 3.8d, net.E. J. ARNOLD, Jan. 13"
"A. W.- Thoughts for the future. Is., 25. June 13"
"Abbot's Moat, Warden (F.) 6s..... Jan. 13"
Abbott (Edwin A.)--The Fourfold gospel. Section1
", Introduction. 8vo. 9 X5), pp. 194, 25. 6d.netCAMB. UNIV. PRESS, July 13"
"Abbott (Edwin A.)-Miscellanea evangelica (1).Demy 8vo., pp. 108, 23. netCAMB, UNIV. PRESS, Oct. 13"
"Abbott (G.) see Unwin (S. R.) and Abbott.Abbott (P.)-Exercises in arithmetic and mensu-ration. With diagrams. Cr. 8vo. 71 X41, pp.534, 35. 6d..LONGMANS, Oct. 13"
"Abbreviations, Dict. of, Rogers (W.T.). 75. 60.Nov. 13"
"Abdallah ; ou, Le Trèfle à quatre feuilles,Laboulaye (E.) 35. net.. July 13"
"Abdominal diseases, Acute, Adams (J. E.) andCassidy (M. A.) 125. 60. netJune 13"
"Abdominal hernia, Mechanical treatment of,Garmo (W. B. de) 6s. net.... July 13"
"Abdominal surgery, Maylard (A. E.) 8s. 6d. netJan. 13"
"Abdul Hamid's daughter, Hanoum (M.) andEllison (G.) 6s......Oct. 13"
"Abelard and Heloise, Wilcox (E.W.) is. net Nov.13Abelard et Héloise, Lettres amoureuses d'. IS. netAbel's Laboratory handbook of bacteriology.2nd English edit. Iamo. 64 x 4, pp. 264, 5. net(Oxford medical publications) FROWDE, Apr. 13"
"Abelson (J.)- Jewish mysticism. Cr. 8vo. 7} X41,pp. 194, 2s. 6d. net (The Quest ser.)BELL, Nov. 131"
..Nov. 13
Νου. 13
"A. (C. R.) What are we to believe. 25., Is. netA. (M.)-Early poems, 3s. 6d. net......Dec. 13"
"A B C fiscal handbook (The). 3rd edit. 8vo.81 X5, pp. 262, Is, netFREE TRADE UNION, Jan. 13"
"A B C guide to patents for inventors. 8vo. 25. 6d.net.BUTTERWORTH, Apr. 13"
"A B C or Alphabetical railway guide. Monthly.8vo. ea. swd. 6d. ...OFFICE, Jan.-Dec. 13"
A. B. K. W.: Love-and other things. VersesIs. 6d. net.. Aug. 13
A. E.-Collected poems. 6s. net.. Sep. 13
"A. H. D.-Little bk, of toasts and maxims, is, net.Feb. 13"
Dec. 13
"ACCOUNTINGAbercrombie (Lascelles) --Speculative dialoguesCr. 8vo. 73 X5, pp. 204, 5s. netM. SOCKER, Oct. 13"
"Abingdon, Abbey of, Early hist., Stenton (F. M).28. 6d, netJune 13"
"Abney (Sir William de W.)-Researches in colourvision and the trichromatic theory. 8vo.9X58, pp. 432, 213, net....LONGMANS, Jan. 13"
"Aborigines of S. America, Church (G. E.) ios, 6d.net.About Edmond)-L'Homine à l'oreille Cassée.Cr. 8vo., IS. 6d..... ...RIVINGTON, May 13"
"About (Edmond)--Le Nez d'un notaire. 12mo.,pp. 252, Is, net.......NELSON, Feb. 13"
"Abraham (Ashley P.)-Some portraits of the Lakepoets and their honies. Illus. Ryl. 8vo.94 X6, pp. 56, bds. 35. 6d. netSIMPKIN, Aug. 13"
"Abraham (George D.)-Motor ways in lakeland.8vo. 9 X5), pp. 320, 7s. 6d. netMETHUEN, Aug. 13"
"Abraham (J. Johnston)-The Surgeon's log :impressions of the Far Fast. Re-issue. Cr. 8vo.74 X5, pp. 316, 25. 6d. netCHAPMAN & H., June 13"
"Abraham (K.)—Steam economy in the sugarfactory. Trans. from the German edit. by E. J.Bayle. Cr. 8vo., 6s. 6d. netCHAPMAN & H., Jan, 13"
"Abramowski (O. L. M.)— Eating for health. 3rdedit. Cr. 8vo., 38. 6d. net W. SCOTT, Aug. 13"
"Academy Architecture and Architectural Review,1913"
". Vol. 43. Edit. by Alex. Koch. 4to.45. rod. net, swd. 45. net.. SIMPKIN, June 13"
"Accidental daughter, Hamilton (C.) 60... May 13"
"Accidents, Occupational : Safety, Tolman (W. H.)and Kendall (L. B.) 125, 6d, net........ Sep. 13"
"Accidents to shipping, &c., due to defects ofsight, Nettleship (E.) 25. net.. .Sep. 13"
"According to my gospel, Black (H.) 6s.....Nov. 13"
"Accountancy for retail traders, Wood (D.) 25. 6d.net...Accountants' (Incorporated) Year book. 8vo.71 x 41, pp. 782, 25. ...SOCIETY, Oct. 13"
"Accountants (Institute of Chartered) in Englandand Wales.-List of members, 1913"
", RoyalCharter, and bye-laws. 8vo. 71 X 5, pp. 780, 25.GEE, Oct. 13"
"Accounting, Municipal, Handbook of 7s. 6d. netMay 13"
A. H. W.-Which temple are ye? 6s. net Sep. 13
"A. L.-School temperature register, No. 3.8d, net.E. J. ARNOLD, Jan. 13"
"A. W.- Thoughts for the future. Is., 25. June 13"
"Abbot's Moat, Warden (F.) 6s..... Jan. 13"
"Abbott (Edwin A.)--The Fourfold gospel. Section1, Introduction. 8vo. 9 X5), pp. 194, 25. 6d.netCAMB. UNIV. PRESS, July 13"
"Abbott (Edwin A.)-Miscellanea evangelica (1).Demy 8vo., pp. 108, 23. netCAMB, UNIV. PRESS, Oct. 13"
"Abbott (G.) see Unwin (S. R.) and Abbott.Abbott (P.)-Exercises in arithmetic and mensu-ration. With diagrams. Cr. 8vo. 71 X41, pp.534, 35. 6d..LONGMANS, Oct. 13"
"Abbreviations, Dict. of, Rogers (W.T.). 75. 60.Nov. 13"
"Abdallah ; ou, Le Trèfle à quatre feuilles,Laboulaye (E.) 35. net.. July 13"
"Abdominal diseases, Acute, Adams (J. E.) andCassidy (M. A.) 125. 60. netJune 13"
"Abdominal hernia, Mechanical treatment of,Garmo (W. B. de) 6s. net.... July 13"
"Abdominal surgery, Maylard (A. E.) 8s. 6d. netJan. 13"
"Abdul Hamid's daughter, Hanoum (M.) andEllison (G.) 6s......Oct. 13"
"Abelard and Heloise, Wilcox (E.W.) is. net Nov.13Abelard et Héloise, Lettres amoureuses d'. IS. netAbel's Laboratory handbook of bacteriology.2nd English edit. Iamo. 64 x 4, pp. 264, 5. net(Oxford medical publications) FROWDE, Apr. 13"
"Abelson (J.)- Jewish mysticism. Cr. 8vo. 7} X41,pp. 194, 2s. 6d. net (The Quest ser.)BELL, Nov. 131"
..Nov. 13
Νου. 13
"A. (C. R.) What are we to believe. 25., Is. netA. (M.)-Early poems, 3s. 6d. net......Dec. 13"
"A B C fiscal handbook (The). 3rd edit. 8vo.81 X5, pp. 262, Is, netFREE TRADE UNION, Jan. 13"
"A B C guide to patents for inventors. 8vo. 25. 6d.net.BUTTERWORTH, Apr. 13"
"A B C or Alphabetical railway guide. Monthly.8vo. ea. swd. 6d. ...OFFICE, Jan.-Dec. 13"
A. B. K. W.: Love-and other things. VersesIs. 6d. net.. Aug. 13
A. E.-Collected poems. 6s. net.. Sep. 13
"A. H. D.-Little bk, of toasts and maxims, is, net.Feb. 13"
Dec. 13
"ACCOUNTINGAbercrombie (Lascelles) --Speculative dialoguesCr. 8vo. 73 X5, pp. 204, 5s. netM. SOCKER, Oct. 13"
"Abingdon, Abbey of, Early hist., Stenton (F. M).28. 6d, netJune 13"
"Abney (Sir William de W.)-Researches in colourvision and the trichromatic theory. 8vo.9X58, pp. 432, 213, net....LONGMANS, Jan. 13"
"Aborigines of S. America, Church (G. E.) ios, 6d.net.About Edmond)-L'Homine à l'oreille Cassée.Cr. 8vo., IS. 6d..... ...RIVINGTON, May 13"
"About (Edmond)--Le Nez d'un notaire. 12mo.,pp. 252, Is, net.......NELSON, Feb. 13"
"Abraham (Ashley P.)-Some portraits of the Lakepoets and their honies. Illus. Ryl. 8vo.94 X6, pp. 56, bds. 35. 6d. netSIMPKIN, Aug. 13"
"Abraham (George D.)-Motor ways in lakeland.8vo. 9 X5), pp. 320, 7s. 6d. netMETHUEN, Aug. 13"
Abraham (J. Johnston)-The Surgeon's log :impressions of the Far 
"Fast. Re-issue. Cr. 8vo.74 X5, pp. 316, 25. 6d. netCHAPMAN & H., June 13"
Abraham (K.)—Steam economy in the sugar
"factory. Trans. from the German edit. by E. J.Bayle. Cr. 8vo., 6s. 6d. netCHAPMAN & H., Jan, 13"
"Abramowski (O. L. M.)— Eating for health. 3rdedit. Cr. 8vo., 38. 6d. net W. SCOTT, Aug. 13"
"Academy Architecture and Architectural Review,1913"
". Vol. 43. Edit. by Alex. Koch. 4to.45. rod. net, swd. 45. net.. SIMPKIN, June 13"
"Accidental daughter, Hamilton (C.) 60... May 13"
"Accidents, Occupational : Safety, Tolman (W. H.)and Kendall (L. B.) 125, 6d, net........ Sep. 13"
"Accidents to shipping, &c., due to defects ofsight, Nettleship (E.) 25. net.. .Sep. 13"
"According to my gospel, Black (H.) 6s.....Nov. 13"
"Accountancy for retail traders, Wood (D.) 25. 6d.net...Accountants' (Incorporated) Year "
"book. 8vo.71 x 41, pp. 782, 25. ...SOCIETY, Oct. 13"
"Accountants (Institute of Chartered) in Englandand Wales.-List of members, 1913"
", RoyalCharter, and bye-laws. 8vo. 71 X 5, pp. 780, 25.GEE, Oct. 13"
"Accounting, Municipal, Handbook of 7s. 6d. netMay 13"
A. H. W.-Which temple are ye? 6s. net Sep. 13
"A. L.-School temperature register, No. 3.8d, net.E. J. ARNOLD, Jan. 13"
"A. W.- Thoughts for the future. Is., 25. June 13"
"Abbot's Moat, Warden (F.) 6s..... Jan. 13"
"Abbott (Edwin A.)--The Fourfold gospel. Section1, Introduction. 8vo. 9 X5), pp. 194, 25. 6d.netCAMB. UNIV. PRESS, July 13"
"Abbott (Edwin A.)-Miscellanea evangelica (1).Demy 8vo., pp. 108, 23. netCAMB, UNIV. PRESS, Oct. 13"
"Abbott (G.) see Unwin (S. R.) and Abbott.Abbott (P.)-Exercises in arithmetic and mensu-ration. With diagrams. Cr. 8vo. 71 X41, pp.534, 35. 6d..LONGMANS, Oct. 13"
"Abbreviations, Dict. of, Rogers (W.T.). 75. 60.Nov. 13"
"Abdallah ; ou, Le Trèfle à quatre feuilles,Laboulaye (E.) 35. net.. July 13"
"Abdominal diseases, Acute, Adams (J. E.) andCassidy (M. A.) 125. 60. netJune 13"
"Abdominal hernia, Mechanical treatment of,Garmo (W. B. de) 6s. net.... July 13"
"Abdominal surgery, Maylar"
d (A. E.) 8s. 6d. netJan. 13
"Abdul Hamid's daughter, Hanoum (M.) andEllison (G.) 6s......Oct. 13Abelar"
"d and Heloise, Wilcox (E.W.) is. net Nov.13Abelar"
"d et Héloise, Lettres amoureuses d'. IS. netAbel's Laboratory handbook of bacteriology.2nd English edit. Iamo. 64 x 4, pp. 264, 5. net(Oxford medical publications) FROWDE, Apr. 13"
"Abelson (J.)- Jewish mysticism. Cr. 8vo. 7} X41,pp. 194, 2s. 6d. net (The Quest ser.)BELL, Nov. 131"
..Nov. 13
Νου. 13
"A. (C. R.) What are we to believe. 25., Is. netA. (M.)-Early poems, 3s. 6d. net......Dec. 13"
"A B C fiscal handbook (The). 3rd edit. 8vo.81 X5, pp. 262, Is, netFREE TRADE UNION, Jan. 13"
"A B C guide to patents for inventors. 8vo. 25. 6d.net.BUTTERWORTH, Apr. 13"
"A B C or Alphabetical railway guide. Monthly.8vo. ea. swd. 6d. ...OFFICE, Jan.-Dec. 13"
A. B. K. W.: Love-and other things. VersesIs. 6d. net.. Aug. 13
A. E.-Collected poems. 6s. net.. Sep. 13
"A. H. D.-Little bk, of toasts and maxims, is, net.Feb. 13"
Dec. 13
"ACCOUNTINGAbercrombie (Lascelles) --Speculative dialoguesCr. 8vo. 73 X5, pp. 204, 5s. netM. SOCKER, Oct. 13"
"Abingdon, Abbey of, Early hist., Stenton (F. M).28. 6d, netJune 13"
"Abney (Sir William de W.)-Researches in colourvision and the trichromatic theory. 8vo.9X58, pp. 432, 213, net....LONGMANS, Jan. 13"
"Aborigines of S. America, Church (G. E.) ios, 6d.net.About Edmond)-L'Homine à l'oreille Cassée.Cr. 8vo., IS. 6d..... ...RIVINGTON, May 13"
"About (Edmond)--Le Nez d'un notaire. 12mo.,pp. 252, Is, net.......NELSON, Feb. 13"
"Abraham (Ashley P.)-Some portraits of the Lakepoets and their honies. Illus. Ryl. 8vo.94 X6, pp. 56, bds. 35. 6d. netSIMPKIN, Aug. 13"
"Abraham (George D.)-Motor ways in lakeland.8vo. 9 X5), pp. 320, 7s. 6d. netMETHUEN, Aug. 13"
"Abraham (J. Johnston)-The Surgeon's log :impressions of the Far Fast. Re-issue. Cr. 8vo.74 X5, pp. 316, 25. 6d. netCHAPMAN & H., June 13"
"Abraham (K.)—Steam economy in the sugarfactory. Trans. from the German edit. by E. J.Bayle. Cr. 8vo., 6s. 6d. netCHAPMAN & H., Jan, 13"
"Abramowski (O. L. M.)— Eating for health. 3rdedit. Cr. 8vo., 38. 6d. net W. SCOTT, Aug. 13"
"Academy Architecture and Architectural Review,1913"
". Vol. 43. Edit. by Alex. Koch. 4to.45. rod. net, swd. 45. net.. SIMPKIN, June 13"
"Accidental daughter, Hamilton (C.) 60... May 13"
"Accidents, Occupational : Safety, Tolman (W. H.)and Kendall (L. B.) 125, 6d, net........ Sep. 13"
"Accidents to shipping, &c., due to defects ofsight, Nettleship (E.) 25. net.. .Sep. 13"
"According to my gospel, Black (H.) 6s.....Nov. 13"
"Accountancy for retail traders, Wood (D.) 25. 6d.net...Accountants' (Incorporated) Year book. 8vo.71 x 41, pp. 782, 25. ...SOCIETY, Oct. 13"
"Accountants (Institute of Chartered) in Englandand Wales.-List of members, 1913"
", RoyalCharter, and bye-laws. 8vo. 71 X 5, pp. 780, 25.GEE, Oct. 13"
"Accounting, Municipal, Handbook of 7s. 6d. netMay 13"
A. H. W.-Which temple are ye? 6s. net Sep. 13
"A. L.-School temperature register, No. 3.8d, net.E. J. ARNOLD, Jan. 13"
"A. W.- Thoughts for the future. Is., 25. June 13"
"Abbot's Moat, Warden (F.) 6s..... Jan. 13"
"Abbott (Edwin A.)--The Fourfold gospel. Section1, Introduction. 8vo. 9 X5), pp. 194, 25. 6d.netCAMB. UNIV. PRESS, July 13"
"Abbott (Edwin A.)-Miscellanea evangelica (1).Demy 8vo., pp. 108, 23. netCAMB, UNIV. PRESS, Oct. 13"
"Abbott (G.) see Unwin (S. R.) and Abbott.Abbott (P.)-Exercises in arithmetic and mensu-ration. With diagrams. Cr. 8vo. 71 X41, pp.534, 35. 6d..LONGMANS, Oct. 13"
"Abbreviations, Dict. of, Rogers (W.T.). 75. 60.Nov. 13"
"Abdallah ; ou, Le Trèfle à quatre feuilles,Laboulaye (E.) 35. net.. July 13"
"Abdominal diseases, Acute, Adams (J. E.) andCassidy (M. A.) 125. 60. netJune 13"
"Abdominal hernia, Mechanical treatment of,Garmo (W. B. de) 6s. net.... July 13"
"Abdominal surgery, Maylard (A. E.) 8s. 6d. netJan. 13"
"Abdul Hamid's daughter, Hanoum (M.) andEllison (G.) 6s......Oct. 13"
"Abelard and Heloise, Wilcox (E.W.) is. net Nov.13Abelard et Héloise, Lettres amoureuses d'. IS. netAbel's Laboratory handbook of bacteriology.2nd English edit. Iamo. 64 x 4, pp. 264, 5. net(Oxford medical publications) FROWDE, Apr. 13"
"Abelson (J.)- Jewish mysticism. Cr. 8vo. 7} X41,pp. 194, 2s. 6d. net (The Quest ser.)BELL, Nov. 131"
..Nov. 13
Νου. 13
"A. (C. R.) What are we to believe. 25., Is. netA. (M.)-Early poems, 3s. 6d. net......Dec. 13"
"A B C fiscal handbook (The). 3rd edit. 8vo.81 X5, pp. 262, Is, netFREE TRADE UNION, Jan. 13"
"A B C guide to patents for inventors. 8vo. 25. 6d.net.BUTTERWORTH, Apr. 13"
A B C or Alphabetical railway 
"guide. Monthly.8vo. ea. swd. 6d. ...OFFICE, Jan.-Dec. 13"
A. B. K. W.: Love-and other things. VersesIs. 6d. net.. Aug. 13
A. E.-Collected poems. 6s. net.. Sep. 13
"A. H. D.-Little bk, of toasts and maxims, is, net.Feb. 13"
Dec. 13
"ACCOUNTINGAbercrombie (Lascelles) --Speculative dialoguesCr. 8vo. 73 X5, pp. 204, 5s. netM. SOCKER, Oct. 13"
"Abingdon, Abbey of, Early hist., Stenton (F. M).28. 6d, netJune 13"
Abney 
"(Sir William de W.)-Researches in colourvision and the trichromatic theory. 8vo.9X58, pp. 432, 213, net....LONGMANS, Jan. 13"
"Aborigines of S. America, Church (G. E.) ios, 6d.net.About Edmond)-L'Homine à l'oreille Cassée.Cr. 8vo., IS. 6d..... ...RIVINGTON, May 13"
"About (Edmond)--Le Nez d'un notaire. 12mo.,pp. 252, Is, net.......NELSON, Feb. 13"
"Abraham (Ashley P.)-Some portraits of the Lakepoets and their honies. Illus. Ryl. 8vo.94 X6, pp. 56, bds. 35. 6d. netSIMPKIN, Aug. 13"
"Abraham (George D.)-Motor ways in lakeland.8vo. 9 X5), pp. 320, 7s. 6d. netMETHUEN, Aug. 13"
"Abraham (J. Johnston)-The Surgeon's log :impressions of the Far Fast. Re-issue. Cr. 8vo.74 X5, pp. 316, 25. 6d. netCHAPMAN & H., June 13"
"Abraham (K.)—Steam economy in the sugarfactory. Trans. from the German edit. by E. J.Bayle. Cr. 8vo., 6s. 6d. netCHAPMAN & H., Jan, 13"
"Abramowski (O. L. M.)— Eating for health. 3rdedit. Cr. 8vo., 38. 6d. net W. SCOTT, Aug. 13"
"Academy Architecture and Architectural Review,1913"
". Vol. 43. Edit. by Alex. Koch. 4to.45. rod. net, swd. 45. net.. SIMPKIN, June 13"
"Accidental daughter, Hamilton (C.) 60... May 13"
"Accidents, Occupational : Safety, Tolman (W. H.)and Kendall (L. B.) 125, 6d, net........ Sep. 13"
"Accidents to shipping, &c., due to defects ofsight, Nettleship (E.) 25. net.. .Sep. 13"
"According to my gospel, Black (H.) 6s.....Nov. 13"
"Accountancy for retail traders, Wood (D.) 25. 6d.net...Accountants' (Incorporated) Year book. 8vo.71 x 41, pp. 782, 25. ...SOCIETY, Oct. 13"
"Accountants (Institute of Chartered) in Englandand Wales.-List of members, 1913"
", RoyalCharter, and bye-laws. 8vo. 71 X 5, pp. 780, 25.GEE, Oct. 13"
"Accounting, Municipal, Handbook of 7s. 6d. netMay 13"
A. H. W.-Which temple are ye? 6s. net Sep. 13
"A. L.-School temperature register, No. 3.8d, net.E. J. ARNOLD, Jan. 13"
"A. W.- Thoughts for the future. Is., 25. June 13"
"Abbot's Moat, Warden (F.) 6s..... Jan. 13"
"Abbott (Edwin A.)--The Fourfold gospel. Section1, Introduction. 8vo. 9 X5), pp. 194, 25. 6d.netCAMB. UNIV. PRESS, July 13"
"Abbott (Edwin A.)-Miscellanea evangelica (1).Demy 8vo., pp. 108, 23. netCAMB, UNIV. PRESS, Oct. 13"
"Abbott (G.) see Unwin (S. R.) and Abbott.Abbott (P.)-Exercises in arithmetic and mensu-ration. With diagrams. Cr. 8vo. 71 X41, pp.534, 35. 6d..LONGMANS, Oct. 13"
"Abbreviations, Dict. of, Rogers (W.T.). 75. 60.Nov. 13"
"Abdallah ; ou, Le Trèfle à quatre feuilles,Laboulaye (E.) 35. net.. July 13"
"Abdominal diseases, Acute, Adams (J. E.) andCassidy (M. A.) 125. 60. netJune 13"
"Abdominal hernia, Mechanical treatment of,Garmo (W. B. de) 6s. net.... July 13"
"Abdominal surgery, May"
lard (A. E.) 8s. 6d. netJan. 13
"Abdul Hamid's daughter, Hanoum (M.) andEllison (G.) 6s......Oct. 13"
"Abelard and Heloise, Wilcox (E.W.) is. net Nov.13Abelard et Héloise, Lettres amoureuses d'. IS. netAbel's Laboratory handbook of bacteriology.2nd English edit. Iamo. 64 x 4, pp. 264, 5. net(Oxford medical publications) FROWDE, Apr. 13"
"Abelson (J.)- Jewish mysticism. Cr. 8vo. 7} X41,pp. 194, 2s. 6d. net (The Quest ser.)BELL, Nov. 131"
..Nov. 13
Νου. 13
"ACCOUNTINGAbercrombie (Lascelles) --Speculative dialoguesCr. 8vo. 73 X5, pp. 204, 5s. netM. SOCKER, Oct. 13Abingdon, Abbey of, Early hist., Stenton (F. M).28. 6d, netJune 13"
"Abney (Sir William de W.)-Researches in colourvision and the trichromatic theory. 8vo.9X58, pp. 432, 213, net....LONGMANS, Jan. 13Aborigines of S. America, Church (G. E.) ios, 6d.net.About Edmond)-L'Homine à l'oreille Cassée.Cr. 8vo., IS. 6d..... ...RIVINGTON, May 13About (Edmond)--Le Nez d'un notaire. 12mo.,pp. 252, Is, net.......NELSON, Feb. 13Abraham (Ashley P.)-Some portraits of the Lakepoets and their honies. Illus. Ryl. 8vo.94 X6, pp. 56, bds. 35. 6d. netSIMPKIN, Aug. 13Abraham (George D.)-Motor ways in lakeland.8vo. 9 X5), pp. 320, 7s. 6d. netMETHUEN, Aug. 13Abraham (J. Johnston)-The Surgeon's log :impressions of the Far Fast. Re-issue. Cr. 8vo.74 X5, pp. 316, 25. 6d. netCHAPMAN & H., June 13"
"Abraham (K.)—Steam economy in the sugarfactory. Trans. from the German edit. by E. J.Bayle. Cr. 8vo., 6s. 6d. netCHAPMAN & H., Jan, 13Abramowski (O. L. M.)— Eating for health. 3rdedit. Cr. 8vo., 38. 6d. net W. SCOTT, Aug. 13Academy Architecture and Architectural Review,1913. Vol. 43. Edit. by Alex. Koch. 4to.45. rod. net, swd. 45. net.. SIMPKIN, June 13"
"Accidental daughter, Hamilton (C.) 60... May 13Accidents, Occupational : Safety, Tolman (W. H.)and Kendall (L. B.) 125, 6d, net........ Sep. 13Accidents to shipping, &c., due to defects ofsight, Nettleship (E.) 25. net.. .Sep. 13According to my gospel, Black (H.) 6s.....Nov. 13Accoun"
"tancy for retail traders, Wood (D.) 25. 6d.net...Accountants' (Incorporated) Year book. 8vo.71 x 41, pp. 782, 25. ...SOCIETY, Oct. 13Accoun"
"tants (Institute of Chartered) in Englandand Wales.-List of members, 1913, RoyalCharter, and bye-laws. 8vo. 71 X 5, pp. 780, 25.GEE, Oct. 13Accoun"
"ting, Municipal, Handbook of 7s. 6d. netMay 13"
"A. H. W.-Which temple are ye? 6s. net Sep. 13A. L.-School temperature register, No. 3.8d, net.E. J. ARNOLD, Jan. 13A. W.- Thoughts for the future. Is., 25. June 13"
"Abbot's Moat, Warden (F.) 6s..... Jan. 13Abbott (Edwin A.)--The Fourfold gospel. Section1, Introduction. 8vo. 9 X5), pp. 194, 25. 6d.netCAMB. UNIV. PRESS, July 13"
"Abbott (Edwin A.)-Miscellanea evangelica (1).Demy 8vo., pp. 108, 23. netCAMB, UNIV. PRESS, Oct. 13Abbott (G.) see Unwin (S. R.) and Abbott.Abbott (P.)-Exercises in arithmetic and mensu-ration. With diagrams. Cr. 8vo. 71 X41, pp.534, 35. 6d..LONGMANS, Oct. 13Abbreviations, Dict. of, Rogers (W.T.). 75. 60.Nov. 13Abdallah ; ou, Le Trèfle à quatre feuilles,Laboulaye (E.) 35. net.. July 13"
"Abdominal diseases, Acute, Adams (J. E.) andCassidy (M. A.) 125. 60. netJune 13"
"Abdominal hernia, Mechanical treatment of,Garmo (W. B. de) 6s. net.... July 13"
"Abdominal surgery, Maylard (A. E.) 8s. 6d. netJan. 13Abdul Hamid's daughter, Hanoum (M.) andEllison (G.) 6s......Oct. 13Abelard and Heloise, Wilcox (E.W.) is. net Nov.13Abelard et Héloise, Lettres amoureuses d'. IS. netAbel's Laboratory handbook of bacteriology.2nd English edit. Iamo. 64 x 4, pp. 264, 5. net(Oxford medical publications) FROWDE, Apr. 13Abelson (J.)- Jewish mysticism. Cr. 8vo. 7} X41,pp. 194, 2s. 6d. net (The Quest ser.)BELL, Nov. 131"
..Nov. 13Νου. 13
"ACCOUNTINGAbercrombie (Lascelles) --Speculative dialoguesCr. 8vo. 73 X5, pp. 204, 5s. netM. SOCKER, Oct. 13Abingdon, Abbey of, Early hist., Stenton (F. M).28. 6d, netJune 13"
Abney 
"(Sir William de W.)-Researches in colourvision and the trichromatic theory. 8vo.9X58, pp. 432, 213, net....LONGMANS, Jan. 13Aborigines of S. America, Church (G. E.) ios, 6d.net.About Edmond)-L'Homine à l'oreille Cassée.Cr. 8vo., IS. 6d..... ...RIVINGTON, May 13"
"About (Edmond)--Le Nez d'un notaire. 12mo.,pp. 252, Is, net.......NELSON, Feb. 13Abraham (Ashley P.)-Some portraits of the Lakepoets and their honies. Illus. Ryl. 8vo.94 X6, pp. 56, bds. 35. 6d. netSIMPKIN, Aug. 13Abraham (George D.)-Motor ways in lakeland.8vo. 9 X5), pp. 320, 7s. 6d. netMETHUEN, Aug. 13Abraham (J. Johnston)-The Surgeon's log :impressions of the Far Fast. Re-issue. Cr. 8vo.74 X5, pp. 316, 25. 6d. netCHAPMAN & H., June 13"
"Abraham (K.)—Steam economy in the sugarfactory. Trans. from the German edit. by E. J.Bayle. Cr. 8vo., 6s. 6d. netCHAPMAN & H., Jan, 13Abramowski (O. L. M.)— Eating for health. 3rdedit. Cr. 8vo., 38. 6d. net W. SCOTT, Aug. 13Academy Architecture and Architectural Review,1913. Vol. 43. Edit. by Alex. Koch. 4to.45. rod. net, swd. 45. net.. SIMPKIN, June 13"
"Accidental daughter, Hamilton (C.) 60... May 13"
"Accidents, Occupational : Safety, Tolman (W. H.)and Kendall (L. B.) 125, 6d, net........ Sep. 13Accidents to shipping, &c., due to defects ofsight, Nettleship (E.) 25. net.. .Sep. 13According to my gospel, Black (H.) 6s.....Nov. 13Accountancy for retail traders, Wood (D.) 25. 6d.net...Accountants' (Incorporated) Year book. 8vo.71 x 41, pp. 782, 25. ...SOCIETY, Oct. 13Accountants (Institute of Chartered) in Englandand Wales.-List of members, 1913, RoyalCharter, and bye-laws. 8vo. 71 X 5, pp. 780, 25.GEE, Oct. 13Accounting, Municipal, Handbook of 7s. 6d. netMay 13"
"A. H. W.-Which temple are ye? 6s. net Sep. 13A. L.-School temperature register, No. 3.8d, net.E. J. ARNOLD, Jan. 13A. W.- Thoughts for the future. Is., 25. June 13"
"Abbot's Moat, Warden (F.) 6s..... Jan. 13Abbott (Edwin A.)--The Fourfold gospel. Section1, Introduction. 8vo. 9 X5), pp. 194, 25. 6d.netCAMB. UNIV. PRESS, July 13"
"Abbott (Edwin A.)-Miscellanea evangelica (1).Demy 8vo., pp. 108, 23. netCAMB, UNIV. PRESS, Oct. 13Abbott (G.) see Unwin (S. R.) and Abbott.Abbott (P.)-Exercises in arithmetic and mensu-ration. With diagrams. Cr. 8vo. 71 X41, pp.534, 35. 6d..LONGMANS, Oct. 13Abbreviations, Dict. of, Rogers (W.T.). 75. 60.Nov. 13Abdallah ; ou, Le Trèfle à quatre feuilles,Laboulaye (E.) 35. net.. July 13"
"Abdominal diseases, Acute, Adams (J. E.) andCassidy (M. A.) 125. 60. netJune 13"
"Abdominal hernia, Mechanical treatment of,Garmo (W. B. de) 6s. net.... July 13"
"Abdominal surgery, Maylard (A. E.) 8s. 6d. netJan. 13Abdul"
" Hamid's daughter, Hanoum (M.) andEllison (G.) 6s......Oct. 13Abelard and Heloise, Wilcox (E.W.) is. net Nov.13Abelard et Héloise, Lettres amoureuses d'. IS. netAbel's Laboratory handbook of bacteriology.2nd English edit. Iamo. 64 x 4, pp. 264, 5. net(Oxford medical publications) FROWDE, Apr. 13Abelson (J.)- Jewish mysticism. Cr. 8vo. 7} X41,pp. 194, 2s. 6d. net (The Quest ser.)BELL, Nov. 131"
..Nov. 13Νου. 13
"A. (C. R.) What are we to believe. 25., Is. netA. (M.)-Early poems, 3s. 6d. net......Dec. 13"
"A B C fiscal handbook (The). 3rd edit. 8vo.81 X5, pp. 262, Is, netFREE TRADE UNION, Jan. 13"
"A B C guide to patents for inventors. 8vo. 25. 6d.net.BUTTERWORTH, Apr. 13"
"A B C or Alphabetical railway guide. Monthly.8vo. ea. swd. 6d. ...OFFICE, Jan.-Dec. 13"
A. B. K. W.: Love-and other things. VersesIs. 6d. net.. Aug. 13
A. E.-Collected poems. 6s. net.. Sep. 13
"A. H. D.-Little bk, of toasts and maxims, is, net.Feb. 13"
Dec. 13
"ACCOUNTINGAbercrombie (Lascelles) --Speculative dialoguesCr. 8vo. 73 X5, pp. 204, 5s. netM. SOCKER, Oct. 13"
"Abingdon, Abbey of, Early hist., Stenton (F. M).28. 6d, netJune 13"
"Abney (Sir William de W.)-Researches in colourvision and the trichromatic theory. 8vo.9X58, pp. 432, 213, net....LONGMANS, Jan. 13"
"Aborigines of S. America, Church (G. E.) ios, 6d.net.About Edmond)-L'Homine à l'oreille Cassée.Cr. 8vo., IS. 6d..... ...RIVINGTON, May 13"
"About (Edmond)--Le Nez d'un notaire. 12mo.,pp. 252, Is, net.......NELSON, Feb. 13"
"Abraham (Ashley P.)-Some portraits of the Lakepoets and their honies. Illus. Ryl. 8vo.94 X6, pp. 56, bds. 35. 6d. netSIMPKIN, Aug. 13"
"Abraham (George D.)-Motor ways in lakeland.8vo. 9 X5), pp. 320, 7s. 6d. netMETHUEN, Aug. 13"
"Abraham (J. Johnston)-The Surgeon's log :impressions of the Far Fast. Re-issue. Cr. 8vo.74 X5, pp. 316, 25. 6d. netCHAPMAN & H., June 13"
"Abraham (K.)—Steam economy in the sugarfactory. Trans. from the German edit. by E. J.Bayle. Cr. 8vo., 6s. 6d. netCHAPMAN & H., Jan, 13"
"Abramowski (O. L. M.)— Eating for health. 3rdedit. Cr. 8vo., 38. 6d. net W. SCOTT, Aug. 13"
"Academy Architecture and Architectural Review,1913"
". Vol. 43. Edit. by Alex. Koch. 4to.45. rod. net, swd. 45. net.. SIMPKIN, June 13"
"Accidental daughter, Hamilton (C.) 60... May 13"
"Accidents, Occupational : Safety, Tolman (W. H.)and Kendall (L. B.) 125, 6d, net........ Sep. 13"
"Accidents to shipping, &c., due to defects ofsight, Nettleship (E.) 25. net.. .Sep. 13"
"According to my gospel, Black (H.) 6s.....Nov. 13"
"Accountancy for retail traders, Wood (D.) 25. 6d.net...Accountants' (Incorporated) Year book. 8vo.71 x 41, pp. 782, 25. ...SOCIETY, Oct. 13"
"Accountants (Institute of Chartered) in Englandand Wales.-List of members, 1913"
", RoyalCharter, and bye-laws. 8vo. 71 X 5, pp. 780, 25.GEE, Oct. 13"
"Accounting, Municipal, Handbook of 7s. 6d. netMay 13"
A. H. W.-Which temple are ye? 6s. net Sep. 13
"A. L.-School temperature register, No. 3.8d, net.E. J. ARNOLD, Jan. 13"
"A. W.- Thoughts for the future. Is., 25. June 13"
"Abbot's Moat, Warden (F.) 6s..... Jan. 13"
"Abbott (Edwin A.)--The Fourfold gospel. Section1, Introduction. 8vo. 9 X5), pp. 194, 25. 6d.netCAMB. UNIV. PRESS, July 13"
"Abbott (Edwin A.)-Miscellanea evangelica (1).Demy 8vo., pp. 108, 23. netCAMB, UNIV. PRESS, Oct. 13"
"Abbott (G.) see Unwin (S. R.) and Abbott.Abbott (P.)-Exercises in arithmetic and mensu-ration. With diagrams. Cr. 8vo. 71 X41, pp.534, 35. 6d..LONGMANS, Oct. 13"
"Abbreviations, Dict. of, Rogers (W.T.). 75. 60.Nov. 13"
"Abdallah ; ou, Le Trèfle à quatre feuilles,Laboulaye (E.) 35. net.. July 13"
"Abdominal diseases, Acute, Adams (J. E.) andCassidy (M. A.) 125. 60. netJune 13"
"Abdominal hernia, Mechanical treatment of,Garmo (W. B. de) 6s. net.... July 13"
"Abdominal surgery, Maylard (A. E.) 8s. 6d. netJan. 13"
"Abdul Hamid's daughter, Hanoum (M.) andEllison (G.) 6s......Oct. 13"
"Abelard and Heloise, Wilcox (E.W.) is. net Nov.13Abelard et Héloise, Lettres amoureuses d'. IS. netAbel's Laboratory handbook of bacteriology.2nd English edit. Iamo. 64 x 4, pp. 264, 5. net(Oxford medical publications) FROWDE, Apr. 13"
"Abelson (J.)- Jewish mysticism. Cr. 8vo. 7} X41,pp. 194, 2s. 6d. net (The Quest ser.)BELL, Nov. 131"
..Nov. 13
Νου. 13
"A. H. D.-Little bk, of toasts and maxims, is, net.Feb. 13"
Dec. 13
"ACCOUNTINGAbercrombie (Lascelles) --Speculative dialoguesCr. 8vo. 73 X5, pp. 204, 5s. netM. SOCKER, Oct. 13Abingdon, Abbey of, Early hist., Stenton (F. M).28. 6d, netJune 13"
"Abney (Sir William de W.)-Researches in colourvision and the trichromatic theory. 8vo.9X58, pp. 432, 213, net....LONGMANS, Jan. 13Aborigines of S. America, Church (G. E.) ios, 6d.net.About Edmond)-L'Homine à l'oreille Cassée.Cr. 8vo., IS. 6d..... ...RIVINGTON, May 13About "
"(Edmond)--Le Nez d'un notaire. 12mo.,pp. 252, Is, net.......NELSON, Feb. 13Abraham (Ashley P.)-Some portraits of the Lakepoets and their honies. Illus. Ryl. 8vo.94 X6, pp. 56, bds. 35. 6d. netSIMPKIN, Aug. 13Abraham (George D.)-Motor ways in lakeland.8vo. 9 X5), pp. 320, 7s. 6d. netMETHUEN, Aug. 13Abraham (J. Johnston)-The Surgeon's log :impressions of the Far Fast. Re-issue. Cr. 8vo.74 X5, pp. 316, 25. 6d. netCHAPMAN & H., June 13Abraham (K.)—Steam economy in the sugarfactory. Trans. from the German edit. by E. J.Bayle. Cr. 8vo., 6s. 6d. netCHAPMAN & H., Jan, 13Abramowski (O. L. M.)— Eating for health. 3rdedit. Cr. 8vo., 38. 6d. net W. SCOTT, Aug. 13Academy Architecture and Architectural Review,1913. Vol. 43. Edit. by Alex. Koch. 4to.45. rod. net, swd. 45. net.. SIMPKIN, June 13Accidental daughter, Hamilton (C.) 60... May 13Accidents, Occupational : Safety, Tolman (W. H.)and Kendall (L. B.) 125, 6d, net........ Sep. 13"
"Accidents to shipping, &c., due to defects ofsight, Nettleship (E.) 25. net.. .Sep. 13"
"According to my gospel, Black (H.) 6s.....Nov. 13Accountancy for retail traders, Wood (D.) 25. 6d.net...Accountants' (Incorporated) Year book. 8vo.71 x 41, pp. 782, 25. ...SOCIETY, Oct. 13Accountants (Institute of Chartered) in Englandand Wales.-List of members, 1913, RoyalCharter, and bye-laws. 8vo. 71 X 5, pp. 780, 25.GEE, Oct. 13Accounting, Municipal, Handbook of 7s. 6d. netMay 13"
A. H. W.-Which temple are ye? 6s. net Sep. 13
"A. L.-School temperature register, No. 3.8d, net.E. J. ARNOLD, Jan. 13A. W.- Thoughts for the future. Is., 25. June 13Abbot's Moat, Warden (F.) 6s..... Jan. 13Abbott (Edwin A.)--The Fourfold gospel. Section1, Introduction. 8vo. 9 X5), pp. 194, 25. 6d.netCAMB. UNIV. PRESS, July 13Abbott (Edwin A.)-Miscellanea evangelica (1).Demy 8vo., pp. 108, 23. netCAMB, UNIV. PRESS, Oct. 13Abbott (G.) see Unwin (S. R.) and Abbott.Abbott (P.)-Exercises in arithmetic and mensu-ration. With diagrams. Cr. 8vo. 71 X41, pp.534, 35. 6d..LONGMANS, Oct. 13Abbreviations, Dict. of, Rogers (W.T.). 75. 60.Nov. 13Abdallah ; ou, Le Trèfle à quatre feuilles,Laboulaye (E.) 35. net.. July 13Abdominal diseases, Acute, Adams (J. E.) andCassidy (M. A.) 125. 60. netJune 13"
"Abdominal hernia, Mechanical treatment of,Garmo (W. B. de) 6s. net.... July 13Abdominal surgery, Maylard (A. E.) 8s. 6d. netJan. 13"
"Abdul Hamid's daughter, Hanoum (M.) andEllison (G.) 6s......Oct. 13Abelard and Heloise, Wilcox (E.W.) is. net Nov.13Abelard et Héloise, Lettres amoureuses d'. IS. netAbel's Laboratory handbook of bacteriology.2nd English edit. Iamo. 64 x 4, pp. 264, 5. net(Oxford medical publications) FROWDE, Apr. 13Abelson (J.)- Jewish mysticism. Cr. 8vo. 7} X41,pp. 194, 2s. 6d. net (The Quest ser.)BELL, Nov. 131"
..Nov. 13Νου. 13
"A. (C. R.) What are we to believe. 25., Is. netA. (M.)-Early poems, 3s. 6d. net......Dec. 13"
"A B C fiscal handbook (The). 3rd edit. 8vo.81 X5, pp. 262, Is, netFREE TRADE UNION, Jan. 13"
"A B C guide to patents for inventors. 8vo. 25. 6d.net.BUTTERWORTH, Apr. 13"
"A B C or Alphabetical railway guide. Monthly.8vo. ea. swd. 6d. ...OFFICE, Jan.-Dec. 13"
A. B. K. W.: Love-and other things. VersesIs. 6d. net.. Aug. 13
A. E.-Collected poems. 6s. net.. Sep. 13
"A. H. D.-Little bk, of toasts and maxims, is, net.Feb. 13"
Dec. 13
"ACCOUNTINGAbercrombie (Lascelles) --Speculative dialoguesCr. 8vo. 73 X5, pp. 204, 5s. netM. SOCKER, Oct. 13"
"Abingdon, Abbey of, Early hist., Stenton (F. M).28. 6d, netJune 13"
"Abney (Sir William de W.)-Researches in colourvision and the trichromatic theory. 8vo.9X58, pp. 432, 213, net....LONGMANS, Jan. 13"
"Aborigines of S. America, Church (G. E.) ios, 6d.net.About Edmond)-L'Homine à l'oreille Cassée.Cr. 8vo., IS. 6d..... ...RIVINGTON, May 13About "
"(Edmond)--Le Nez d'un notaire. 12mo.,pp. 252, Is, net.......NELSON, Feb. 13"
"Abraham (Ashley P.)-Some portraits of the Lakepoets and their honies. Illus. Ryl. 8vo.94 X6, pp. 56, bds. 35. 6d. netSIMPKIN, Aug. 13"
"Abraham (George D.)-Motor ways in lakeland.8vo. 9 X5), pp. 320, 7s. 6d. netMETHUEN, Aug. 13"
"Abraham (J. Johnston)-The Surgeon's log :impressions of the Far Fast. Re-issue. Cr. 8vo.74 X5, pp. 316, 25. 6d. netCHAPMAN & H., June 13"
"Abraham (K.)—Steam economy in the sugarfactory. Trans. from the German edit. by E. J.Bayle. Cr. 8vo., 6s. 6d. netCHAPMAN & H., Jan, 13"
"Abramowski (O. L. M.)— Eating for health. 3rdedit. Cr. 8vo., 38. 6d. net W. SCOTT, Aug. 13"
"Academy Architecture and Architectural Review,1913"
". Vol. 43. Edit. by Alex. Koch. 4to.45. rod. net, swd. 45. net.. SIMPKIN, June 13"
"Accidental daughter, Hamilton (C.) 60... May 13"
"Accidents, Occupational : Safety, Tolman (W. H.)and Kendall (L. B.) 125, 6d, net........ Sep. 13"
"Accidents to shipping, &c., due to defects ofsight, Nettleship (E.) 25. net.. .Sep. 13"
"According to my gospel, Black (H.) 6s.....Nov. 13"
"Accountancy for retail traders, Wood (D.) 25. 6d.net...Accountants' (Incorporated) Year book. 8vo.71 x 41, pp. 782, 25. ...SOCIETY, Oct. 13"
"Accountants (Institute of Chartered) in Englandand Wales.-List of members, 1913"
", RoyalCharter, and bye-laws. 8vo. 71 X 5, pp. 780, 25.GEE, Oct. 13"
"Accounting, Municipal, Handbook of 7s. 6d. netMay 13"
A. H. W.-Which temple are ye? 6s. net Sep. 13
"A. L.-School temperature register, No. 3.8d, net.E. J. ARNOLD, Jan. 13"
"A. W.- Thoughts for the future. Is., 25. June 13"
"Abbot's Moat, Warden (F.) 6s..... Jan. 13Abbott "
(Edwin A.)--The Fourfold gospel. Section1
", Introduction. 8vo. 9 X5), pp. 194, 25. 6d.netCAMB. UNIV. PRESS, July 13Abbott "
"(Edwin A.)-Miscellanea evangelica (1).Demy 8vo., pp. 108, 23. netCAMB, UNIV. PRESS, Oct. 13"
"Abbott (G.) see Unwin (S. R.) and Abbott.Abbott (P.)-Exercises in arithmetic and mensu-ration. With diagrams. Cr. 8vo. 71 X41, pp.534, 35. 6d..LONGMANS, Oct. 13"
"Abbreviations, Dict. of, Rogers (W.T.). 75. 60.Nov. 13"
"Abdallah ; ou, Le Trèfle à quatre feuilles,Laboulaye (E.) 35. net.. July 13"
"Abdominal diseases, Acute, Adams (J. E.) andCassidy (M. A.) 125. 60. netJune 13"
"Abdominal hernia, Mechanical treatment of,Garmo (W. B. de) 6s. net.... July 13"
"Abdominal surgery, Maylard (A. E.) 8s. 6d. netJan. 13"
"Abdul Hamid's daughter, Hanoum (M.) andEllison (G.) 6s......Oct. 13"
"Abelard and Heloise, Wilcox (E.W.) is. net Nov.13"
"Abelard et Héloise, Lettres amoureuses d'. IS. netAbel's Laboratory handbook of bacteriology.2nd English edit. Iamo. 64 x 4, pp. 264, 5. net(Oxford medical publications) FROWDE, Apr. 13"
"Abelson (J.)- Jewish mysticism. Cr. 8vo. 7} X41,pp. 194, 2s. 6d. net (The Quest ser.)BELL, Nov. 131"
..Nov. 13
Νου. 13
"A. (C. R.) What are we to believe. 25., Is. netA. (M.)-Early poems, 3s. 6d. net......Dec. 13"
"A B C fiscal handbook (The). 3rd edit. 8vo.81 X5, pp. 262, Is, netFREE TRADE UNION, Jan. 13"
"A B C guide to patents for inventors. 8vo. 25. 6d.net.BUTTERWORTH, Apr. 13"
"A B C or Alphabetical railway guide. Monthly.8vo. ea. swd. 6d. ...OFFICE, Jan.-Dec. 13"
A. B. K. W.: Love-and other things. VersesIs. 6d. net.. Aug. 13
A. E.-Collected poems. 6s. net.. Sep. 13
"A. H. D.-Little bk, of toasts and maxims, is, net.Feb. 13"
Dec. 13
"ACCOUNTINGAbercrombie (Lascelles) --Speculative dialoguesCr. 8vo. 73 X5, pp. 204, 5s. netM. SOCKER, Oct. 13"
"Abingdon, Abbey of, Early hist., Stenton (F. M).28. 6d, netJune 13"
"Abney (Sir William de W.)-Researches in colourvision and the trichromatic theory. 8vo.9X58, pp. 432, 213, net....LONGMANS, Jan. 13"
"Aborigines of S. America, Church (G. E.) ios, 6d.net.About Edmond)-L'Homine à l'oreille Cassée.Cr. 8vo., IS. 6d..... ...RIVINGTON, May 13"
"About (Edmond)--Le Nez d'un notaire. 12mo.,pp. 252, Is, net.......NELSON, Feb. 13"
"Abraham (Ashley P.)-Some portraits of the Lakepoets and their honies. Illus. Ryl. 8vo.94 X6, pp. 56, bds. 35. 6d. netSIMPKIN, Aug. 13"
"Abraham (George D.)-Motor ways in lakeland.8vo. 9 X5), pp. 320, 7s. 6d. netMETHUEN, Aug. 13"
"Abraham (J. Johnston)-The Surgeon's log :impressions of the Far Fast. Re-issue. Cr. 8vo.74 X5, pp. 316, 25. 6d. netCHAPMAN & H., June 13"
"Abraham (K.)—Steam economy in the sugarfactory. Trans. from the German edit. by E. J.Bayle. Cr. 8vo., 6s. 6d. netCHAPMAN & H., Jan, 13"
"Abramowski (O. L. M.)— Eating for health. 3rdedit. Cr. 8vo., 38. 6d. net W. SCOTT, Aug. 13"
"Academy Architecture and Architectural Review,1913"
". Vol. 43. Edit. by Alex. Koch. 4to.45. rod. net, swd. 45. net.. SIMPKIN, June 13"
"Accidental daughter, Hamilton (C.) 60... May 13"
"Accidents, Occupational : Safety, Tolman (W. H.)and Kendall (L. B.) 125, 6d, net........ Sep. 13"
"Accidents to shipping, &c., due to defects ofsight, Nettleship (E.) 25. net.. .Sep. 13"
"According to my gospel, Black (H.) 6s.....Nov. 13"
"Accountancy for retail traders, Wood (D.) 25. 6d.net...Accountants' (Incorporated) Year book. 8vo.71 x 41, pp. 782, 25. ...SOCIETY, Oct. 13"
"Accountants (Institute of Chartered) in Englandand Wales.-List of members, 1913"
", RoyalCharter, and bye-laws. 8vo. 71 X 5, pp. 780, 25.GEE, Oct. 13"
"Accounting, Municipal, Handbook of 7s. 6d. netMay 13"
A. H. W.-Which temple are ye? 6s. net Sep. 13
"A. L.-School temperature register, No. 3.8d, net.E. J. ARNOLD, Jan. 13"
"A. W.- Thoughts for the future. Is., 25. June 13"
"Abbot's Moat, Warden (F.) 6s..... Jan. 13"
"Abbott (Edwin A.)--The Fourfold gospel. Section1, Introduction. 8vo. 9 X5), pp. 194, 25. 6d.netCAMB. UNIV. PRESS, July 13"
"Abbott (Edwin A.)-Miscellanea evangelica (1).Demy 8vo., pp. 108, 23. netCAMB, UNIV. PRESS, Oct. 13"
"Abbott (G.) see Unwin (S. R.) and Abbott.Abbott (P.)-Exercises in arithmetic and mensu-ration. With diagrams. Cr. 8vo. 71 X41, pp.534, 35. 6d..LONGMANS, Oct. 13"
"Abbreviations, Dict. of, Rogers (W.T.). 75. 60.Nov. 13"
"Abdallah ; ou, Le Trèfle à quatre feuilles,Laboulaye (E.) 35. net.. July 13"
"Abdominal diseases, Acute, Adams (J. E.) andCassidy (M. A.) 125. 60. netJune 13"
"Abdominal hernia, Mechanical treatment of,Garmo (W. B. de) 6s. net.... July 13"
"Abdominal surgery, Maylard (A. E.) 8s. 6d. netJan. 13"
"Abdul Hamid's daughter, Hanoum (M.) andEllison (G.) 6s......Oct. 13"
"Abelard and Heloise, Wilcox (E.W.) is. net Nov.13"
"Abelard et Héloise, Lettres amoureuses d'. IS. netAbel's Laboratory handbook of bacteriology.2nd English edit. Iamo. 64 x 4, pp. 264, 5. net(Oxford medical publications) FROWDE, Apr. 13"
"Abelson (J.)- Jewish mysticism. Cr. 8vo. 7} X41,pp. 194, 2s. 6d. net (The Quest ser.)BELL, Nov. 131"
..Nov
. 13
Νου. 13
"A. (C. R.) What are we to believe. 25., Is. netA. (M.)-Early poems, 3s. 6d. net......Dec. 13"
"A B C fiscal handbook (The). 3rd edit. 8vo.81 X5, pp. 262, Is, netFREE TRADE UNION, Jan. 13"
"A B C guide to patents for inventors. 8vo. 25. 6d.net.BUTTERWORTH, Apr. 13"
"A B C or Alphabetical railway guide. Monthly.8vo. ea. swd. 6d. ...OFFICE, Jan.-Dec. 13"
A. B. K. W.: Love-and other things. VersesIs. 6d. net.. Aug. 13
A. E.-Collected poems. 6s. net.. Sep. 13
"A. H. D.-Little bk, of toasts and maxims, is, net.Feb. 13Dec"
. 13
"ACCOUNTINGAbercrombie (Lascelles) --Speculative dialoguesCr. 8vo. 73 X5, pp. 204, 5s. netM. SOCKER, Oct. 13"
"Abingdon, Abbey of, Early hist., Stenton (F. M).28. 6d, netJune 13"
"Abney (Sir William de W.)-Researches in colourvision and the trichromatic theory. 8vo.9X58, pp. 432, 213, net....LONGMANS, Jan. 13"
"Aborigines of S. America, Church (G. E.) ios, 6d.net.About Edmond)-L'Homine à l'oreille Cassée.Cr. 8vo., IS. 6d..... ...RIVINGTON, May 13"
"About (Edmond)--Le Nez d'un notaire. 12mo.,pp. 252, Is, net.......NELSON, Feb. 13"
"Abraham (Ashley P.)-Some portraits of the Lakepoets and their honies. Illus. Ryl. 8vo.94 X6, pp. 56, bds. 35. 6d. netSIMPKIN, Aug. 13"
"Abraham (George D.)-Motor ways in lakeland.8vo. 9 X5), pp. 320, 7s. 6d. netMETHUEN, Aug. 13"
"Abraham (J. Johnston)-The Surgeon's log :impressions of the Far Fast. Re-issue. Cr. 8vo.74 X5, pp. 316, 25. 6d. netCHAPMAN & H., June 13"
"Abraham (K.)—Steam economy in the sugarfactory. Trans. from the German edit. by E. J.Bayle. Cr. 8vo., 6s. 6d. netCHAPMAN & H., Jan, 13"
"Abramowski (O. L. M.)— Eating for health. 3rdedit. Cr. 8vo., 38. 6d. net W. SCOTT, Aug. 13"
"Academy Architecture and Architectural Review,1913"
". Vol. 43. Edit. by Alex. Koch. 4to.45. rod. net, swd. 45. net.. SIMPKIN, June 13"
"Accidental daughter, Hamilton (C.) 60... May 13"
"Accidents, Occupational : Safety, Tolman (W. H.)and Kendall (L. B.) 125, 6d, net........ Sep. 13"
"Accidents to shipping, &c., due to defects ofsight, Nettleship (E.) 25. net.. .Sep. 13"
"According to my gospel, Black (H.) 6s.....Nov. 13"
"Accountancy for retail traders, Wood (D.) 25. 6d.net...Accountants' (Incorporated) Year book. 8vo.71 x 41, pp. 782, 25. ...SOCIETY, Oct. 13"
"Accountants (Institute of Chartered) in Englandand Wales.-List of members, 1913"
", RoyalCharter, and bye-laws. 8vo. 71 X 5, pp. 780, 25.GEE, Oct. 13"
"Accounting, Municipal, Handbook of 7s. 6d. netMay 13"
A. H. W.-Which temple are ye? 6s. net Sep. 13
"A. L.-School temperature register, No. 3.8d, net.E. J. ARNOLD, Jan. 13"
"A. W.- Thoughts for the future. Is., 25. June 13"
"Abbot's Moat, Warden (F.) 6s..... Jan. 13"
Abbott (Edwin A.)--The Fourfold gospel. Section1
", Introduction. 8vo. 9 X5), pp. 194, 25. 6d.netCAMB. UNIV. PRESS, July 13"
"Abbott (Edwin A.)-Miscellanea evangelica (1).Demy 8vo., pp. 108, 23. netCAMB, UNIV. PRESS, Oct. 13"
"Abbott (G.) see Unwin (S. R.) and Abbott.Abbott (P.)-Exercises in arithmetic and mensu-ration. With diagrams. Cr. 8vo. 71 X41, pp.534, 35. 6d..LONGMANS, Oct. 13"
"Abbreviations, Dict. of, Rogers (W.T.). 75. 60.Nov. 13"
"Abdallah ; ou, Le Trèfle à quatre feuilles,Laboulaye (E.) 35. net.. July 13"
"Abdominal diseases, Acute, Adams (J. E.) andCassidy (M. A.) 125. 60. netJune 13"
"Abdominal hernia, Mechanical treatment of,Garmo (W. B. de) 6s. net.... July 13"
"Abdominal surgery, Maylard (A. E.) 8s. 6d. netJan. 13"
"Abdul Hamid's daughter, Hanoum (M.) andEllison (G.) 6s......Oct. 13"
"Abelard and Heloise, Wilcox (E.W.) is. net Nov.13Abelard et Héloise, Lettres amoureuses d'. IS. netAbel's Laboratory handbook of bacteriology.2nd English edit. Iamo. 64 x 4, pp. 264, 5. net(Oxford medical publications) FROWDE, Apr. 13"
"Abelson (J.)- Jewish mysticism. Cr. 8vo. 7} X41,pp. 194, 2s. 6d. net (The Quest ser.)BELL, Nov. 131"
..Nov. 13
Νου. 13
B
