". A B C Motor, marine, and aircraft guide, 1920 OFFICE, Apr. '19"
5s. net .Apr. 19
"• A. O. A. R. P. M.-Burning spear. A. W. H. See H. (A. W.) Abandoned room, Camp (W.) 7s. net ..June '19"
2s. 6d. net Sep '19
6d. net Nov. '19
"6s. net Adventures of Antoine, Owen (H. C.) Jan. '19"
6. net June '19
3s. 6d. net Nov. '19
.May '19
3s. 6d. ..July '19
.. Nov. '19
...Jan. '19
"of, Klemin .Νου. '19"
"determinations by pilot balloon ascents. (May, 1917.) 3d.; 501, Records of tempera- ture and altitude. (May, 1917.) 4d.; 509, Table of temperature, pressure and density at different levels up to 20 kilometres. (July, 1917.) Id.; 531, Variation of wind speed near the ground. (Mar., 1918.) 2d.; 543, Some formulae for use in strut calculations. (Oct., 1918.) 2d.; 545, approximate solution of linear differential equations. (Oct., 1918.) 4d.; 546, Forces and moments on a model of S.E. 5, yawed, rolled and pitched. (Oct., 1918) Id.; 560, Whirling and whip of a revolving shaft. (Dec., 1918.) 6d. ; 561, Wind forces and moments acting on a model of Mark III type kite balloon. (Sept., 1918.) 6d.; 576, Phugoids obtained by a recording air-speed indicator. Analysis of. (Jan., 1919) 2d. H.M. STATIONERY OFF., June '19"
"performance of the elements of the blades and the total thrust of the screw (June, '18) 4d.; 463, Comparison between two model aeroplanes differing only in plan form of wings and the corresp. full-scale aeroplanes (July, '18), 9d. ; Exper. with models of flying boat hull, 16th ser. (Sep. '18), 4d.; 474, Prediction and analysis of aeroplane performance (May, '18), Is.; 484, Critical loading of struts and structures: pt. 4, Strength of a strut of variable flexual rigidity (Sep. '18), 3d.; 505, Full scale stability exper. with R.A.F. 14 wing section (June, '17), 3d.; 510, Influence of time on the breaking load and elasticity of spruce members of aeroplanes (Feb. '18), 9d.; 513, Prelim. rept. on the permeability variation of the hydrogen of rubber membranes with alterations in tem- perature (Aug.'17), 2d.; 514, Rep. on pro- tective varnishes for use in hot climates, pt. 2 (Aug. '17), 4d.; 520, Dissipation of heat from surface of an air-cooled engine (Oct. '17), 6d. ; 521, Flying as affected by the wind (Nov. '17), 6d.; 527, Steady flight of an aeroplane, when the gradual loss of weight owing to the con- sumption of petrol is taken into account (Jan. '18), 6d. ; 528, Prelim. investig. of certain elastic properties of wood (Feb. '19), Is.; 532, Full scale exper. with different shapes of tail plane (Mar. '18), 3d.; 534, High altitude flying (Mar. '18), id.; 555, Effect of com- pressibility on streamline motions (Dec. '18), 6d.; 563, Apparatus for measurement in a wind tunnel of the performance of an air- screw or the windage tongue of a rotary engine (July, '18), 3d.; 566, Critical loading of struts and structures, pt. 6 (Nov. '18), 2d.; 562, Texts of swivelling pressure heads (Oct. '18), 4d.; 574, Tests of a model of the proposed No. 2 7 ft. wind channel at the R.A.E. (Dec. '18), IS. ; 591, Exper. with models of an airscrew, a rotary B.R. 2 engine, &c. (Feb. '19), 6d.; 594, Summary of present state of knowledge with regard to airscrews (Feb. '19), 6d.; 603, Gliding tests of a modified S.E. 5 aero- plane (Apr. '19), 6d. ; 608, Reduction of aeroplane trials for the purposes of aerodyna- mic comparison and prediction (Sep. '18), 9d. H.M. STATIONERY OFF., Oct. '19"
"net Aeroplane structures, Pippard (A. J. S.) and Pritchard (J. L.) 21s. net Sep. '19"
".... Aeschines Speeches: Against Fimarchus on the Embassy; Against Ctesiphon. With English trans. by Charles Darwin Adams. 18mo. 6×41, pp. 550, 7s. 6d. net; lthr. 1os. net HEINEMANN, July '19"
.Mar. '19
"net Africa and Europe, Reg. geog. of, Brooks (L.) 6s. net .Dec. '19"
12s. net Sep. '19
.Feb. '19
"12s, net Africa, German E., Two years' captivity in. 6s. net Africa, Macmillan's Geog. exercise bk. Africa slave or free, Harris (J. H.) 6s. net Africa, S., Ethnography and condition of, before 1505, Theal (G. McC.) 8s. 6d. net....Oct. '19"
"7×4, ea. 2d. S.P.C.K., Jan., &c., '19"
"∞ Agate (James E.)-Responsibility: a novl. 8vo. 7×51, pp. 329, 7s. net Cr. G. RICHARDS, Nov. '19"
"12s. 6d. net Agony and after, Hay (J. M.) is. net....Jan. '19"
"2S. Air, from the bombing squadrons, Ellacott (J. net .Aug. '19"
6d. net Apr. '19
"15S. net Air, V.C.'s of the, Barnett (G.) 5s. net....Jan. '19"
..Apr. '19
.Dec. '19
.Dec. '19
"à Kempis (Thomas)-De Imitatione Christi, &c. Ed. by Dr. A. Fortescue, from the 1st Latin ed. Ryl. 8vo. Ed. de luxe, 30s. net METHUEN, Oct. '19"
"à Kempis (Thomas)-Of the Imitation of Christ. With the Book of the Sacrament. Trans. by John Payne from the Latin. 18mo. 5 × 31, pp. 325, Is. 6d. net; swd. Is. net SIMPKIN, Oct. '19"
"net Aladdin, Ransome (A.) 20s. net........ Dec. '19"
..Nov. '19
"... Alcohol, Simmonds (C.) 21s. net Alcott (Louisa M.)-Beginning again: Sequel to Work."" New and ch. ed. Cr. 8vo. 71x4, pp. 226, 2s. 6d... .Low, Aug.'19"
3s. net .HUTCHINSON Oct '19
"(Louisa M.)-An old-fashioned girl. Cr. 8vo. 7×4, pp. 314, 2s. 6d. net Low, July '19"
.
"............... 2s. net Ali (Abdul)-An Introduction to Neo-Vedantic Sufeism, as a system of philosophy. Bk. 1, Metaphysics. Sm. 8vo. pp. 89, 2s. 6d. LUZAC, Oct. '19"
6s. net Dec. '19
"id. Aliens repatriation-Report of Ctte. H.M. STATIONERY OFF., Oct. '19"
..Oct.'19
".G. PARKER, July '19"
"without a teacher. 18mo. .G. PARKER, July '19"
"..... ... Allison (William)—"" My Kingdom for a horse!"" Yorkshire, Rugby, Balliol, the Bar bloodstock and journalistic recollections. Ryl. 8vo. 9×6, pp. 352, 21S. net .RICHARDS, Sep. '19"
"net Alpe (E. N.) The Law of stamp duties on deeds and other instruments. Enl. and rev. by Arthur R. Rudall. With notes on practice by H. W. Jordan. 15th ed. 8vo. 8× 51, pp. 400, 12s. 6d. JORDAN, Oct. '19"
.Dec. '19
"8vo. swd. 4 d. net POULTRY PR., June '19"
"net Amateur poultry keeping. Ambrose (St.)-On the Mysteries; and The Treatise on the Sacraments, by an Unknown Author. Tr. by T. Thompson, Ed. with intro. and notes by J. H. Srawley. Cr. 8vo. 7×5, pp. 187, 4s. 6d. net. (Trans. of Christian Literature, ser. III: Liturgical texts) S.P.C.K., Mar. '19"
"(1918-19), ...Jan. '19"
(A. R.) .Mar. '19
(A. W.) 3s. 6d. net July '19
10s. 6d. net Feb. '19
!
"of, Aldington .. Sep.'19"
6d. net June '19
"and Kay (S. A.) 12s. 6d. net. Analysis, Volumetric, Hampshire (C. H.) 5s. net July '19"
"..... Andes (Louis E.)-Oil colours and printers' inks. and Eng. ed., rev. and enl. 8vo. pp. 235 IOS. 6d.net...... ..SCOTT, GREENWOOD, Dec. '18"
:
"progress, Dendy (A.) May '19"
7s. 6d. net July '19
by Harry July '19
..Jan. '19
2 vols. July '19
.Aug. '19
net Sep. '19
...
"..... Archer (J.)-Le Pere de la vie chere. 2nd ed. 8vo. pp. 52, swd. Is. ...LUZAC, Oct. '19"
.Apr. '19
(T.) 4s. 6d. .. Sep. '19
1s. 6d. Oct.'19
"in crops Arnott (G. Campbell-Bounteous allotment and garden. 8vo., pp. 30, swd. 3d (68-70, Fenchurch St., E.C. 3) FERTILISER MANUFACTURERS' ASSN., Apr. 19"
"12s. 6d. net Arthrometry, Falconer (W.W.) 2s. 6d. net Dec. '18"
net .Feb. '19
"6d. net As God made her, Lewis (H. P.) 6s. 9d. net Nov. '19"
.Oct. '19
.Oct. '19
"net At a glance, Slack (J. E.) and Dorey (A.) 7s. 6ď. net .Mar. '19"
.Nov. '19
.. Dec. '19
(E. J. S.) .Dec. '19
..Oct. '19
"net Auction bridge. See also Bridge. Auction, Foster on, Foster (R. F.) 7s. 6d. net Dec. '19"
"2s. net Audit law, &c.: Heath (Min. of) District audit, Vol. I. 2IS. net... .July '19"
11th Field Company. (Priv. pr.) .July '19
6d. net Dec. '19
"boat Auten (Harold, Lt. Commander)—“Q” adventures: the exploits of the famous mystery ships, by a ""Q"" Boat Commander. Illus. Cr. 8vo. 7×4, pp. 288, 6s. net JENKINS, Mar. '19"
(F.) 7s. net June '19
"net Autocar handbook (The): a guide to the motor- car. 9th ed. 8vo. 8×51, pp. 310, 2s. 6d. net ILIFFE, Sep. '19"
...May '19
"net Autogenous welding, Pract. manual of, Granjon (R.) and Rosemberg (P.) 6s. net Autograph albums, Verses for. Is. net.. Sep. '19"
...
"and ans., and Harper (H.) 6s. 6d. net .Apr. '19"
. Dec. '19
.Apr. '19
..June '19
.Apr. '19
"..June, '19"
..Oct. '19
tips for. 5s. ..Jan. '19
"an, Church ..Oct. '19"
..Nov. '19
"8vo. pp. 252. 25. HODDER & S., Dec.'18"
.July '19
.Apr. '19
pocket bk. of .May '19
"5s. net Bacteria, Iron, Ellis (D.) 1os. 6d. net..Oct. '19"
. Dec. '18
"........ Baily's Hunting directory, 1918-1920. With diary. 8vo. 81× 51, pp. 365, 7s. 6d. net VINTON, Dec. '19"
"... LIPPINCOTT, Apr. '19"
. Dec. '18
"... Banking, Dict. of, Thomson (W.) 30s. net July '19"
"......... Baptist handbook for 1919 (The). Ed. by J. H. Shakespeare. 8vo. 8x51, pp. 144, 2s. 6d. net BAPTIST UNION, Feb. '19"
5s. net .July'19
..Feb. '19
"8vo. Barbe (Louis A.)-Sidelights on the history, industries and social life of Scotland. 8×51, pp. 332, 10s. 6d. net BLACKIE, Aug. '19"
:
".. Barnes (G. N., Rt. Hon.) and others-Religion in the labour movement: International Confer- ence on Labour and Religion. Cr. 8vo. 7×5, pp. 200, 3s. 6d. net ..HOLBORN PR., Nov. '19"
"3s. 6d. Baronetage, &c., Debrett's, 1919. 37s. 6d. net ..... Jan. '19"
"(J.) 2s. net.. ...... Battye (H. W.)-Yorkshire canaries: how to breed, manage and exhibit. Illus. by H. Norman. 8vo. 8×51, pp. 80, swd. Is. 3d. net ...(Cage Birds) POULTRY PR., June '19"
"hypocrite: a fairy tale for tired men. Cr. 8vo. 7×41, pp. 54, 2s. 6d. net .LANE, Mar. 19"
net
6s. net Dec. '19
"net Benediction and the Bishops, Baverstock (A. H.) 3s. 6d. net ...... June '19"
"18mo. 6 x 5, pp. 19, swd. Is. net Bennett (Arnold)-The Roll call. Cr. 8vo. 7 X5, HUMPHREYS, Dec. '19"
"pp. 300, 6s. 9d. net ..HUTCHINSON, Jan. '19"
"play in four acts. Cr. 8vo. 7X51, pp. 180, Bell (May)-What of the night? and other 3s. 6d. net CHATTO & W., Nov. '19"
"sketches. Cr. 8vo. 71×4ł, pp. 92, 3s. net STOCKWELL, Mar. '19"
"7×4, pp. 249, Is. 9d. net NEWNES, May '19"
"pp. 75, 2s. 6d. net Bennett (J. J.) ("" Jackstaff "")-The Dover Patrol: Bell (W. Blair)-The Pituitary. Ryl. 8vo. the Straits, Zeebrugge, Ostend. Incl. a narra- tive of the operations in the Spring of 1918. 91×61, pp. 368, 30s. net..BAILLIERE, May '19"
"a manual for students and practitioners. 3rd ed. Ryl 8vo. 91×61, pp. 660, 38s. net Bennett (Mark)-Under the periscope. Cr. 8vo. BAILLIERE, Sep. '19 7×5, pp. 254, 7s. 6d. net, COLLINS, June '19"
"11×8, pp. 216, 25s. net ..LAURIE, Sep. '19"
"reader, No. 1, Is.; No. 2, Is. 3d.; Infant primer, 9d. .BELL, Nov. '19 Benson (E. F.)-An Autumn sowing. Cr. 8vo. Beltane the Smith, Farnol (G.) 4s. net July '19 7×54, pp. 339, 3s. 6d. net.. COLLINS, Dec. '19"
"management, Taylor (F. W.) 5s. net ..Oct. '19"
...Nov. '19
"2s. net Benedictine monk: Medley of memories, (D. H., Sir) 16s. net..."
"women. nurses. 3rd ed. 8vo. pp. 265, 6s. net SCIENTIFIC PR., Jan. '19"
"66 Berliner ""Berliner Tageblatt ""-Copy of the Tageblatt (Berlin's leading newspaper), Nov. 11th, 1918 containing the German announce- ment of the Armistice, &c. Complete with translation. Swd. Is. net POETRY BOOKSHOP, Mar. '19"
. Dec. '18
2s. 6d. net Apr. 19
. May '19
"net Bickersteth (J. Burgon)-The Land of open doors: being letters from Western Canada. Forew. by the late Rt. Hon. Earl Grey. Cr. 8vo. 7×5, pp. 301, 3s. 6d. net GARDNER, DARTON, Dec. '19"
..Jan. '19
"(amended) 3d.; Land settlement facilities (amended) 3d.; Local Government provisional orders confirmation: No. 2, Ashborne, Becken- ham, Liverpool, Lytham, Manchester, Padiham, and Rhyl; No. 3, Bacup, Burnley, Finchley, Scarborough, Swindon, and the Hitchin Rural and Letchworth Urban Joint Hospital Dis- trict, 3d.; No. 4, Counties of Chester and Lancaster, 3d.; No. 5, Lowestoft, 3d.; No. 6, District of the Southport, Birkdale and West Lancashire Water Board, Id.; No. 7, Morley, and the Middlesex Districts Joint Smallpox Hospital District d.; Local Government (Ireland) provisional orders (County Borough of Cork and the Urban District of Dungarvan) 2d.; Commons regulation (Coity Wallia in the County of Glamorgan) provisional order, 2d. ; Merchant shipping (wireless telegraphy, id.; Weights and measures (leather measurement) Id.; Agricultural land sales (restriction of notices to quit) id.; National Health Insurance Id.; Dogs' protection (amendment), id. H.M. STATIONERY OFF., June '19"
"bills-Acquisition of land (assessment of com- pensation), 2d.; do., amendments, ea. id.; Anglo-French Treaty (defence of France), id.; Animals (anææsthetics) as amended, id.; Ardrossan Harbour order confirmation, id.; Bridge of Allan water order confirm., 2d.; Checkweighing in various industries, 2d; do., (amend.), 2d.; City of London Police, id.; Commons regulation (Coita Wallia), 2d.; Edinburgh and Leith Corpr. gas order confirm., Id.; Electric lighting prov. order (Chepstow, exten.), id.; Forestry, 2d.; do., amend., ea. id.; do. as amended, 2d.; Finance, 3d.; Govt. Works at Cippenham, 2d.; Gas and water prov. orders (Elstree and Boreham Wood gas, and Tonbridge water), 3d.; Housing, town planning, &c., amendments, ea. id. and 2d.; do., as amended, 6d. ; do., Commons reasons for disagreeing, ea. id.; Housing, town planning (Scotland), 6d.; Housing of working classes (Ireland), 3d.; do., amend., ea. id. and 2d.; Intestate movable succession (Scotland), id.; amend., id.; Local elections (propor- tional rep.), amend., ea. id.; do., 2d.; Local Govt. prov. orders No 2 (Ashborne, &c.), 3d. No. 3 (Bacup, &c.), 3d., No. 4 (Chester and Lancaster), 3d., No. 5 (Lowestoft), 3d., No. 6 (Southport, &c.), Id., No. 7 (Morley, &c.), id.; Land settlement (facilities), 3d.; Ministry of Ways and Communications, 3d.; do., amend., ea. id. and 3d.; Ministry of Health, id.; National Assembly of Church of England (powers) amend., ea. id., 2d. and 3d.; do., as amended, id.; National Health insurance, id.; Public notaries (articled clerks), amend., id.; Pier and Harbour prov. orders (Cowes, &c.), 3d.; Official solicitor, id.; amend., id.; Rat destruction, id.; Restoration of pre-war practices (No. 3), 1d.; Solicitors (articled clerks), amend., id.; Sex disqualification (removal), Id.; do., amend., ea. id.; State- ment of rates, amend., id.; Treaty of Peace, Id.; Women's emancipation, id. H.M. STATIONERY OFF., July'19"
"16s. net Biological chemistry, Intro. to study of, Schryver (S. B.) 6s. net. . Dec. '18"
"lab. guide, .Aug. '19"
..Nov. '19
.Apr. '19
.Nov. '19
..July '19
(Scout Joe) ....Oct. '19
".......... .... Blackman (J. E.)—An Outline of the geography of the West Indies. Cr. 8vo. 7×5, pp. 124, 3s. net .BLACKWELL, June '19"
"63s., 42s. net Blessed Giles of Assisi, Seton (W. W.) 10s. 6d. Jan. '19"
"others.-Light horses : 8vo. 6th ed., rev. (Live stock handbooks) VINTON, Oct. '19"
"colours, Walcot (W.) 63s. net Blond beast, Bennet (R. A.) 6s. 9d. net..Feb. '19"
..Apr.'19
..May '19
. Nov. '19
6d. net Nov. '19
"...Oct. 19, .May '19"
.Dec. '19
".Feb. 'Iç Bomberg (David)-Russian ballet. Illus. 8vo. 8×51, pp. 16, 2s. 6d. ..HENDERSONS, Oct. '19"
. May '19
"....... • Book of wonder, Dunsany (Lord) 7s. 6d. net Dec. '19"
2nd ser. June '19
"...... Boole (Mary E.)-The Message of psychic science to the world. New ed. Cr. 8vo. 3s. 6d. net DANIEL, July '19"
5s. 6d. net
...Feb. '19
"only, 7d. net Boulnois (H. Percy)-Modern roads. 8vo. 8×51, ...ARNOLD, Dec. '19"
"pp. 302, 16s. net Boulnois (Helen)-The Dominion of health. Cr. 8vo. 6×4, pp. 77, Is. 6d. net. (Mind and body handbooks) .....RIDER, Oct. '19"
"4s. 6d. net Bourgeois (Emile)-History of modern France, 1815-1913. Vol. 1, 1815-1852; Vol. 2, 1852- 1913. Cr. 8vo. 7 X5, pp. 450; 423. 21s. net CAMB. UNIV. PR., Mar. '19"
"net Bourry (Emile)-A Treatise on ceramic industries. With some critical notes by Alfred B. Searle. 3rd ed. 8vo. 8×51, pp. 488, 14s. 6d. net SCOTT, GREENWOOD, Sep. '19"
.Mar. '19
"'Bout Bunty, Bowyer (V.) is. net Bovill (C. H.)-The Giddy life. 7×4, pp. 117, 25. net... .PEARSON, Dec. '18"
......
"........ ...... Boyce (Adam) and others.-The Great beyond and its inhabitants; by the hands of Adam Boyce (recorder), Mrs. Boyce (questioner), and Miss Hilda Boyce (medium). Pref. by G. E. Wright. Cr. 8vo. 71 × 5, pp. 70, swd. 2s. 6d. net K. PAUL, Oct. '19"
"pp. 1142, 7s. 6d. net Boyle's Court guide, May, 1919. 18mo. 6×4, pp. 1,125, 7s. 6d. net .OFFICE, May '19"
"...... 8vo. Brame (Charlotte M.)-Set in diamonds. 8×51, swd. 9d. net ......PEARSON, July '19"
"net Brand (Max)-The Untamed. Cr. 8vo. 7s. net PUTNAM, May '19"
"scamps and a puppy. 8vo. 81×61, pp. 63, .NELSON, Nov. '19"
2s. 6d. net Oct. '19
"8vo. Bridge, Royal auction, How to win at. Cavendish."" 5s. net .... Bridges (J. A.)-Victorian recollections. 8×51, pp. 203, 7s. 6d. net ..BELL, Dec. '19"
"9x61, 2s. 6d. net ........ Brinton (R. S.)-Carpets. Cr. 8vo. 7×4, pp. 130, 2s. 6d. net (Common commodities and industries) .PITMAN, Dec. '19"
(F. L.) 3s. May' 19
6s. net Dec. '19
3s. net Oct. '16 ..Mar. '19
.... Feb. '19
..Dec. '19
"3s. net Brother o' mine, Cleaver (H.) 5s., 4s. net..Nov.' 19"
net
"pp. 412, 7s. net ........ Buchan (John)-Nelson's History of the War. Vols. 21-24. Cr. 8vo. 7× 5, ea. 2s. 6d. net NELSON, Jan.-Sep. '19"
"net Bucher (Elmer E.)-Practical wireless telegraphy. Rev ed. Illus. Ryl. 8vo. 91×6, pp. 344, 98. net ...WIRELESS PR., Feb. '19"
"pp. 299, 6s. net Buckshee ration, &c., Poulten (W. C.) 1s. 6d. net Budgerigar and Cockateels, Arthur (C. May '19"
..Feb. '19
..Nov. '19
4s. net Mar. '19
...Nov. '19
"7s. net Bullock (Lilian M.)-Just-Buster. 18mo. 6×4, 2s. 6d. net WESTALL, Jan. '19"
"170, 5s. net Burns (J. A., Rev.)-Catholic education. Cr. 8vo. 6s. net ..LONGMANS, Sep.': '19"
"..... Business prospects year book, 1919. Ed. by C. P. Hailey and D. Wilson Lloyd. Cr. 8vo. 7X5, pp. 212, 10s. net ..FINANCIAL TIMES, June '19"
... Butler and Brevitas-Auction bridge in a nutshell. 3s. net ...Apr.'19
.Aug.'19
"....... Cactus hedge, Adair (C.) 6s. net Cadbury (H. J.)-The Style and literary method of Luke I. 8vo. swd. 5s. 6d. net. (Harvard theol. studies).. .MILFORD, July '19"
"14s. net Calculus, Infinitesimal, Lamb (H.) 20s. July '19"
net Sep. '19
.Oct. '19
"8vo. pp. 1101, Ios. 6d. net Mar. '19"
.Nov. '18
"3d. H.M. STATIONERY OFF., Sep. '19"
.Apr.'19
..Oct. '19
..Nov. '19
"18mo. Campbell (Phyllis)-Lined with rags. Is. 6d. net .MILLS & B., Dec. '19"
"on, Shortt (A.) . Feb. '19"
6s... Feb. '19
"6d. Canada: the land of opportunities, 3s. 6d. net Canada-Trade of Canada and Newfoundland : report, 1918. H.M. STATIONERY OFF., June '19"
"net Candole (Alec de)-The Faith of a subaltern: essays on religion and life. Pref. by the Dean of Bristol. Post. Cr. 8vo. 7×5, pp. 104, 2s. 6d. net CAMB. UNIV. PR., Mar. 'I Candole (H. L. C. V. de)--Christian assurance. Cr. 8vo. 7X4, pp. 125, swd. 2s. net S.P.C.K., Feb. '19"
"........ poems. Cano (B. Sai) see Sanin Cano. Cantell (M.T.)—Reinforced concrete construction. Pt. 1. 2nd ed. 7×5, pp. 170, 7s. 6d. net SPON, Dec. '18"
.Apr. '19
.Dec. '19
net June '19
"hour glass. Cr. 8vo. .S. PAUL, June '19"
"........ Carlisle Diocesan calendar, clergy list, and church almanack, 1919. Cr. 8vo. 7 X41, pp. 173, swd. Is. 6d. .THURNAM; SIMPKIN, Jan. '19"
2s. 6d. net Dec. '19
"net Carter (Rev. Dr.) The Gospel to war-broken men. Cr 8vo. 7× 41, pp. 88, swd. Is. net R.T.S., Sep. '19"
"true Carvell (Alice Maude)-In jungle depths: stories from a missionary's diary. Cr. 8vo. 7×5, pp. 132, 3s. 6d. ..R.T.S., May '19"
"........ Case (Rosamonde)-A Hospital scrap book. 7×5, pp. 32, 25. net .STOCKWELL, Dec. '19"
"........ Case (S. J.)-The Revelation of John. Cr. 8vo. IOS. net .CAMB. UNIV. PR., Dec. '19"
"net net Casserole cookery, Chafing dish and, Senn_(C. H.) Feb. '19"
"28. net.. Castaways, Jacobs (W. W.) 2s. 6d. net..Oct. '19"
..Dec. '18
"4s. net Cathy Rossiter, Rickard (Mrs. V.) 7s. 6d. net Nov. '19"
12s. 6d. net Nov. '19
.July '19
(C.)_3s. 6d. .Jan. '19
"32s. Catalan: Tirant lo Blanch: study of C. romance mentioned in ""Don Quixote,"" Vaeth (J. A.) 6s. 6d. net. Jan. '19"
"citizen army. 8vo. swd. 7X4, pp. 72, Is. net ""Caxton Hall.""-Clairvoyance .....Dec. '18"
"...... net. Cervantes (Miguel de)-El Licenciado Vidriera. From "" Novelas ejemplares."" Ed. by E. A. Peers. 18mo. Is. 6d. net. (Modern language ser.) .HEATH, Sep. '19"
"..... Chain (The). By Flaneuse."" Re-issue. Cr. 8vo. swd. Is. 6d. net .GARDNER, May '19"
"6s. 6d. net Chance, Alex. M., Chance (S.) My father. IS. net Dec. '18"
.Nov. '19
.Dec. '18
"standpoint, .Nov. '19"
3d. net June '19
.Apr. '19
... July '19
.. Dec. '18
. Dec. '18
"net Childhood, Diseases of infancy and, Koplik (H.) Childhood, Disorders and diseases (G. F.) 20s. net..... Childhood, Handicaps of, Bruce (H. A.) Aug. '19"
"of, Still .Jan. '19"
7s. 6d. Aug. '19
10s. 6d. Nov. '19
net Nov. '19
7s. net Nov. '19
"8s. 6d., 6s. net Sep. '19"
6s. net Oct. '19
"net Children's annual, Blackie's, 1920. Children's annual, Partridge's, 1919. Children's diary, Blackie's, 1920, Is. 6d. net Dec. '19"
"net ...... Children's story book. Fol. clo. Is. 6d. SCOTT & S., Jan. '19"
"7s. 6d. Child's Own Magazine, 1919. Ryl. 8vo. 9×63, pp. 152, 2s. 6d. net; bds. 2s. net net .... S.S.U., Oct. '19"
..Dec. '19
"net China looking West, Hughes-Hallet (F.) IS. net Nov. '19"
..Dec. '19
"net Choice: play, Sutro (A.) 3s., 2s. 6d. net. . Nov. '19"
"3s, net net.. Christ, Divinity of, Storr (V. F.) 2s. net.. Nov. '19"
is. net Mar. '19
..July '19
•July '19
..May '19
3s. 6d. net July '19
. May '19
.May '19
6s. net Apr. '19
..Oct. '19
.. May '19
(A.) &c. Dec. '19
.Nov. '19
.Dec. '19
..Aug. '19
"(T.) 6s. net Church history: Second century, Whitney (J. P.) 3s. 6d. net .Jan. '19"
.Apr. 19
..Aug. '19
.Apr. 19
man in the Watson (D.) .Nov. '19
.Dec. '18
..Sep. '19
6d. net Dec. '19
"(G. H.) 8s. 6d. net Church of England: its nature and future, Henson (H.) and others. 5s. net...... Feb. '19"
: .Mar. '19
.Oct. '19
..Aug. '19
(A.)1s. net Mar. '19
2s. 6d. net Sep. '19
"6d., Is. 3d. .Apr.'19"
"net Church and State in England, Fawkes Church and the crowd, Hogue (R. W.) Church and the people, McCabe (J.) 2s. net Church of Rome, 50 years in, Chiniquy (Father) 4s. 6d. net Church or sect, Cooper-Marsdin (A. C.) 6s. net Jan. '19"
.Nov. '19
7s. 6d. net June '19
..Oct.'19
.Aug.'19
"net City of Riddle-Me-Ree, Cross (Z.) is. 6d. net Nov. '19"
"net Civil List pensions-List of all pensions granted during 1918-19. Id. H.M. STATIONERY OFF., July '19"
"of France ..June, '19"
6s. 9d. Dec. '19
(M.) 45. .Dec. '19
"25s. net Coal bill, How to cut your, by Hays (J. W.) 3s. 6d. Feb. '19"
net .July '19
"from, Arnot .Oct. '19"
3s. 6d. Nov. '19
"1919, IS. Coal mines and nationalisation, Shadwell (A.) Is. net ..Aug. '19"
"(Darlington) W. DRESSER & SONS, June' 19"
.Dec. '19
(A.) and .Feb. '19
"(J.) No. 1, .Feb. '19"
10s. 6d. net Sep. '19
"law, Cohen .Feb. '19"
.Oct. '19
"computing, .Dec. '19"
10s. 6d. net Mar. '19
2s. 6d. net June '19
"didst give Communion, Christmas: Because Thou Jesus Christ, Hollis (G.) is. net ..... Sep. '19"
. Jan. '19
"6s. net Composition, College, Baldwin (C. S.) Composition, Eng., How to teach, Vol. I. 3s. 6d. net Composition, Eng., Oral and written (R. S.) 8d... Mar. '19"
"written exer., exer., Wood . Feb. '19"
. May '19
..Jan. '19
.Feb. '19
..Jan. '19
"a tale of the Rock: pp. 96, swd. 18. net HODDER & S., July '19"
"(Privately printed) CLEMENT SHORTER, Aug. '19"
"... Conyers (Dorothea)-Tiranogue. Cr. 8vo. 7×5, pp. 282, 7s. net .METHUEN, Oct. '19"
"(Melville Thurston)-Applied economic botany. 8vo. 8×6, pp. 278, 7s. 6d. net (Farm life text ser.) LIPPINCOTT, ..July, Oct. '19"
"tidal waters. Illus. by C. 8vo. 9×5, pp. 250, CHAPMAN & H., Mar.' 19"
"cruising B.)-Single-handed net Cooke (Francis B.)-In Fleming Williams. 12s. 6d. net Cooke (Francis Demy 8vo. 9×6, pp. 181, 10s. 6d. net E. ARNOLD, June '19"
"5s net Coolidge (Susan)-What Katy did. Cr. 8vo. 71×4, pp. 192, 2s. net.. ROUTLEDGE, Dec. '19"
"4S. Countess of Zelle, Gerard (M.) 6s. net..July '19"
"and the future. .LUZAC, Apr. '19"
"(C.) 3s. net; 2nd ser. 2s. net Cowper (E. E.)-Maids of the ""Mermaid”: a story of adventure on the coast of England. Cr. 8vo. 7×5, pp. 288, 5s. net BLACKIE, Dec. '19"
"..... Cox (W. F.)-Practical notes on courts of in- quiry, committees and boards. Cr. 8vo. 7X42, pp. 146, 4s. net....GALE & P. Abr.'19"
12s. 6d. .Oct. '19
2s. net July '19
ch. 1-41. .Oct. '19
"3s. net.. Cricket, The, Cooke (M. B.) 7s. 6d. net ..Nov. '19"
"15s. net Criminal law, Outlines, Kenny (C. S.) 12s. net Dec. '18"
...Dec. '19
(G. de S.) Dec. '18
...July '19
"pp. 100, IS. 6d. Croft (Herbert), Bp. of Hereford-The Naked truth. Publ. anonymonsly by H. C., Lord Bishop of Hereford in 1675. Repr. with intro. by Herbert Hensley Henson, Lord Bishop of Hereford in 1919. Čr. 8vo. 7× 51, pp. 153, 5S. net CHATTO & W., July '19"
"18mo. 6×4, Croker (B. M.)-Jungle tales. …………..HOLDEN & H., July '19"
"pp. 234, 25. net Cr. 8vo. 7×5, Croker (B. M.)—Odds and ends. ...HUTCHINSON, Aug. '19"
"pp. 304, 6s. 9d. net Croker (B. M.)-The Pagoda tree. Cr. 8vo. 7×5, pp. 316, 75. net CASSELL, Nov. '19"
(C. H. S.) 2s. 6d. net .Apr. '19
..Nov. '19
"net .... Cynic's calendar, Revived, Mumford (E. W.) 2s. 6d. net Cyprus, Memorandum on Island of. Sep. '17 '19"
6s. net Nov. '19
..June '19
(E.) 6s. net June '19
net..July '19
.May '19
"(""A. L."" Bright story readers) Dances: How to Jazz, Pierre (Mons.) IS. net E. J. ARNOLD, Nov. '19"
'Mar. '19
daughter. 18mo. IS. net. (Oxford story readers) (Oxford Univ. Pr.) MILFORD Dec. '19
..Jan. '19
"the Dane (Edmund)-British campaigns in Nearer East, 1914-1918: from the outbreak of War with Turkey to the Armistice. Vol. 2. The Tide of victory. 8vo., 8 × 51, pp. 255, 7s. 6d. net HODDER & S., Nov. '19"
..Dec. '18
"net ...... Da Todi, Jacopone, Underhill (E.) 16s. net Dec. '19"
"3s. 6d. net Davenport (Cyril) see Younghusband (Sir G.) and Davenport. David Copperfield, Dickens (C.). Abr. and ed. by H. A. Treble. IS. 3d... ..Jan. '19"
"8vo. 8s. 6d. net .LIPPINCOTT, Sep. '19"
"a Dawson-Scott (C. A.)-Against the grain: character study. Cr. 8vo. 7 × 5, pp. 367, 7s. net HEINEMANN, Sep. '19"
(A.) 3s. 6ď. .July '19
6d. net Sept. '19
. June '19
"children, Love ... May '19"
(Mrs. L.) .Mar. '19
.Dec. '18
.Apr. '19
4s. 6d. net Mar. '19
.Mar. '19
..June '19
(A.) is. net Sep. '19
and others. ..Dec. '19
12s. 6d. net Sep. '19
"net Defoe (Daniel)-Robinson Crusoe. Illus. in col. by Elenore Plaisted Abbott. Cr. 8vo. 7×5, pp. 403, 5s. net .HARRAP, Oct. '19"
"18s. net D'Egville (Geoffrey)-How and what to dance, Cr. 8vo. 7×5, pp. 121, is. 6d. net PEARSON, Oct. '19"
"......... De la Mare (Walter)-Peacock Pie: a book of rhymes. 5th impr. 8vo. 9×5, pp. 122, 4s. 6d. net.... .CONSTABLE, Dec. '19"
7s. net
"...... Dell (Draycott M.)-The Wicked King: a child's history of the Great War. Cr. 8vo. 7×6, pp. 42, 3s. 6d. net....... ·JARROLDS, Dec. '19"
is. 6d. .Dec. '18
(H. J.) .Mar. '19
"(Léon)-Life and destiny. Tr. into English by Ella Wheeler Wilcox. Cr. 8vo. 7×5, pp. 224, 65. net......GAY & H., May '19"
(J. F.) 32s. .July '19
.Dec. '17 Dec. '19
.Dec. '19
. June '19
"net Dickson (Archibald A. C.-The Mica miner's and prospector's guide. Cr. 8vo. 7×4, pp. 58, 4s. 6d. net.. Dickson (George S.)—My first Illus. by George Morrow. pp. 64, 2s. net.. .SPON, Apr. '19"
"book of geography. Roy. 8vo., 101×8, .NELSON, Aug. '19"
.Sep. '19
2s. 6d. net Feb. '19
"(Dr. E. J.-The Peace Conference. Ryl. 8vo. 9×6, pp. 451, 21s. net HUTCHINSON, Nov. '19"
"........ Dimmock (F. Haydn)-The Clue of the ivory claw. Illus. by J. Ayton Symington. 8vo. 8 X 5, pp. 188, 3s. 6d. net .PEARSON, Oct. '19"
..Sep.'19
..Oct. '19
net July '19
... Feb. '19
.Nov. '19
.Oct. '19
.May '19
.Oct. '19
net.... Feb. '19
(Adm. Sir R.) .Nov. '19
"net Down (Oliphant)-Maker of dreams. 8vo. 2s. 6d. .GOWANS & G., Apr.'19"
net
6d. net Feb. '19
6d. net Mar. '19
. Oct. '19
"and, Feb. '19"
"3d. H.M. STATIONERY OFF., Apr. '19"
"66 Dug Out."" See Coxon (Stanley W.) Duka, Theodore, In memoriam, Stein (A.) 3s. 6d. June '19"
18s. Feb. '19
"3s. 6d net Earp (T. W.) The Gate of bronze. 18mo. 61 × 5, pp. 31, Is. 6d. net .BLACKWELL, Dec. '19"
..Nov. '19
.July '19
"cent., O'Brien .Oct. '19"
. Feb. '19
5s. 4d. 6s. net net Mar. '19
"of Midas, ..Jan. '19"
"2, pt. 3, June '19"
"• East, Far, War in Africa and, O'Neill (H. C.) 3s. 6d. net..... . Mar. '19"
"4s. net Economics, Industrial and social, and Pratt (J. C.) IS. net Economics of war, Readings in, Clark (J. M.) and others. 14S. net.. .Apr. 19"
"of)-Medica Officer (Chief), Education (Bd. Annual report, 1917. IS. H.M. STATIONERY OFF., Nov. 18"
"9, of Pa ainten the m Auth ditur Educat for Educat Mar Brits! Canet Ma Jets, Mar Lets Depes Education (Bd. of)-Schemes to be submitted by Local Educ. Authorities under sect. 1-4 of Educ. Act, 1918: memo. 3d. H.M. STATIONERY OFFICE, July '19"
"(Ireland)-Intermediate education: Education Account for 1918. Education 1d. H.M. STATIONERY OFF., June '19"
"(Ireland)-Intermediate education: additional regulations for the register of inter- mediate school teachers, Id. H.M. STATIONERY OFF., May '19"
"(Ireland)-Intermediate education Report for 1918. 8vo., 3d. H.M. STATIONERY OFF., Sept. '19"
. June '19
21s. net..Apr. '19
"net Education schemes of the United Kingdom and Dominion Forces: four lectures. 9×6, pp. 40, swd. Is. net ROY. COLONIAL INST., June '19"
net .Nov. '19
"(H. A,) Feb. '19"
".... Edwards (George Wharton)-Vanished towers and chimes of Flanders. Impl. 8vo. IIX81, pp. 211, 31s. 6d. net... SKEFFINGTON, Dec. '19"
.Apr. 19
"813, Leblanc (M.) 1s. 9d. net.. . Dec. '18"
". Cr. Einstein (Lewis)-A Prophecy of the War, 1913- 1914. Foreword by Theodore Roosevelt. 8vo. 7X5, pp. 94, 4s. 6d. net MILFORD. Jan. '19"
.Apr. '19
.Oct. '19
combustion .. Sep. '19
.Feb. '19
"(R. G.) 18s. net Electrical undertakings, Manual of, and directory of officials, Garcke (E.) 1918-1919. 22s. 6d. .Jan. '19"
. Jan. '19
"botany. Cr. 8vo. 7×5, (New teaching ser.) HODDER & S., Nov. '19"
"15s. net Emergency legislation. See Defence of the Realm; Legislation (Emergency). Emergency ration Shakespeare, Rutland (J.) Is. net ..Jan. '19"
"net Engineering, Marine. See under Marine. Engineering, New fields for British, Reconstruc- tion (Ministry of) Reconstruc. problems: 5. 2d. Nov. '18"
5s. net Nov. '19
"bk., Lay . Sep. '19"
(C.) 21s. net .Nov. '19
6s. net Nov. '19
.Apr. 19
"2s. net Eternal question: another life, Clarke (A.) 7s. 6d. net July '19"
.. Sep. '19
6d. net Feb. '19
"ed.-Memoirs of Edward, 1839-1916. 8vo., 8×5, ..MURRAY, Oct. '19"
.Mar. '19
4s. net Feb. '19
..Oct. '19
6d. net Oct. '19
.. Nov. '19
(C. H. S.) .Mar. '19
tradition .Oct. '19
2d. net Jan. '19
"sense philosophy, Joad (C. E. M.) 8s. 6d. net. .July '19"
.Dec. '19
(R. J.) 15s. Mar.'19
..Dec. '19
"f Evans (Herbert A.)-Highways and byways o Northamptonshire and Rutland. Illus. by Frederick L. Griggs. 8x54, pp. 382, 6s. net MACMILLAN, Dec. '18"
(Cardinal) .Oct.'10 Euripides. .Sep. '19
"317. See Douglas Exact diagnosis of latent cancer, Gruner (O. C.) 7s. 6d. net Examination, Common, for entrance schools. 3s. 6d. net Excess profits duty, Montgomery (R. Allen (W.) 12s. 6d. net.. Excess profits duty, Spicer (E. E.) (E. C.) 10s. 6d. net Excess profits duty, Sutcliffe (R. J.) 7s. Exchange, Foreign, Spalding (W. F.) Exchange, Mechanism of, Todd (J. A.) ... Sep. '19"
to public Jan. '19
and Pegler ..Dec. '18
6d. Oct.' 19
3s. 6d. net June '19
7s. 6d. net Aug. '19
"...... Exeter Diocesan kalendar and clergy list, 1919. Cr. 8vo. 7X41, pp. 194, swd. 2s. net (Exeter: 89, South St.) BESLEY & COPP, Jan. '19"
..Jan. '19
"7s. 6d. net Explorers: Daring deeds of gt. pathfinders, Sanderson (E.) 5s. net ...Oct. '19"
6d. 6s. .Apr. '19
6d. net Dec. '19
.Nov. '19
"net Fables choisies, Florian. 2s. net Fables, Five funny, Kirkman (F. B.) 3s. 6d. net Sep. '19"
.Nov. '19
"net Facial neuralgia, Hutchinson (J.) 15s. net Oct. '19"
.Nov. '19
"7s. 6d. net. Facts without fiction, Henderson (R. A.) 6s. net July '19"
"net 8vo. Fairy green, Fyleman (R.) 3s. 6d. net....Oct. '19"
.Oct. '19
.Aug. '19
.Nov. '19
..Oct. '19
"5s. net Fairy tales, Russian: accented reader, Brylinska (A.) and Smith (P.) 4s. 6d. net.. Jan. '19"
. Dec. '18
6s. 6d. net Dec. '19
·June '19
"..... Fawkes (Alfred)-Church and State in England, Pref. by the Bishop of Hereford. 8vo. 81×51, pp. 31, swd. Is. net .MURRAY, Mar. '19."
net ... Fee Fund (House of Lords)-Account for 1918-19.
"...... 8vo. Fieldhouse (Arthur)-Key to The Student's elementary commercial book-keeping. 85, pp. 421, Ios. net. FIELDHOUSE; SIMPKIN, Mar. '19"
"50th Infantry Bde., History of. 13s. 6d. net Dec. '19"
"55th Division, Story of, Coop (J. O.) 2s. net June '19"
"59th Div.: England in France, Vince (C.) 21s. net Dec. '19"
.Aug. '19
"14s. net Fifty years of Europe, Hazen (C. D.) ...... Nov. '19"
"6d. ...H.M. STATIONERY OFF., Dec. '18"
"industry, .Mar. '19"
"5s. net. Finance Levy on capital for discharge of debt, Edgeworth (F. Y.) is. net.. Finance, National, Primer of, Higgs (H.) 5s. net .Jan. '19"
.Apr. '19
"budget, .Feb. '19"
"net Finn (A. H., Rev.)-The Starting place of truth. Cr. 8vo. 71× 5, pp. 91, 2s. net. (Starting place ser.) MARSHALL BROS., July '19"
.May '19
"...... Five young men, Brown (C. R.), 3s. 6d. net Sep. '19"
"... Fleet, Grand, Coleridge (J.) 3s. 6d. net..Mar. '19"
2s. 6d... May '19
"for trout, &c., Sep. '19"
"1d. H.M. STATIONERY OFF., June '19"
"net Football: Fooks (Edwin G.)-Script writing copy book. Bks. 1, 2 and 3. 4to. ea. swd. 6d. net PITMAN, Oct. '19"
"ootner (Hulbert)-Thieves' wit: an everyday detective story. Cr. 8vo. 71 × 5, pp. 319, 6s. net HODDER & S., July '19"
..Apr. '19
"46th Division: Breaking the Hindenburg Line, Priestley (R. E.) 7s. 6d. net.. .Sep. '19"
"........ ...... Foster (William)-A Guide to the India Office, records, 1600-1858. 8vo. 8×51, pp. 130, 2s. net .(India Office) CONSTABLE, Dec. '19"
"458, 21s. net Foulke (William Dudley)—Fighting the Spoils- men. 8vo. Ios. net ..PUTNAM, Mar. '19"
"450 miles to freedom, Johnston (M.A.B., Capt.) and Yearsley (K.D., Capt.) 7s. 6d. net June 19"
"14th Heavy Battery, R.G.A.: War diary, list of honours and awards, list of officers who have served with the battery, and Battery Roll of Honour. 10 × 71, pp. 108 ..R. SCOTT, July '19"
"net Fox (R. M.)-Factory echoes, and other sketches. Cr. 8vo. 7×41, pp. 79, swd. Is. 6d. net DANIEL, Aug. '19"
(F. T.) 11s. net Apr. '19
6d. net Aug. '19
"is. 6d. net Freedom of the seas, Piggott (Sir F.) 3s. Freedom, World fight for, Lucas (J.) Freedom's call, MacCurdy (C. A.) Freeman (John)-Memories of childhood, and other poems. Cr. 8vo. 7×5, pp. 127, 5s. net SELWYN & B., Mar. '19"
"8vo. French (S. H.)-A Chick from every egg. swd. Is. 3d. net .POULTRY PR., June '19"
(R.) and ...Dec. '19
.Dec. '19
.Dec. '18
.Apr. '19
"of, Ahern ..Oct. '19"
net
5s. net. Oct. '19
..Feb. '19
- Future life: Does man survive death? Palmer (T. F.) 6d. net.. .Oct.'19
"net Gallet (Louis)-The Adventures of Cyrano de Bergerac. 8vo. pp. 368, 1s. 9d. net JARROLD, May '19"
.Oct. '19
"..... Garden by the sea: stories, &c., Reid (F.) 3s. 6d. net .Jan. '19"
"3s. 6d. net... Gardener, Allotment, Jottings of an, Ellis (E. T.) Is. 6d. net.. ..Mar., June' 19"
"way. 8vo. Garvice (Charles)-The Woman's 8×5, pp. 128, swd. Is. net HODDER & S., July '19"
"5s. net B.) Oct, '19"
"8s. net Gas and oil engine operation, Okill (J.) Gas engine troubles, &c., Rathbun (J. Feb. '19"
(C.) 3s. net June '19
(J.B.)8s. net Feb. '19
8s. 6d. net
"94. Gasquet (Cardinal)-The Eve of the Reformation. Cr. 8vo. 7×51, pp. 413, 8s. 6d. net BELL, Oct. '19"
2s. 6d. net Aug. '19
..July '19
.Dec. '19
.Aug. '19
1s. net Jan. '19
.Apr. '19
"net Girl Guides' own diary and note book, 1920. 18mo. 4×3, pp. 173, swd. 9d. net J. BROWN, Nov. '19"
"(Dublin) TALBOT PR., Jan. '19"
"....... Glory of love. By "" Pan."" Cr. 8vo. 74 × 5, pp. 248, 6s. net. ..ODHAMS, Oct. '19"
.Aug. '19
3s. 6d. net July '19
. Dec. '19
..Oct. '19
145. net Mar. '19
2s. net July '19
6d. net
".......... Goldilocks and the Three Bears, Lambert (H. G. C. M.) 6d. net ..Sep. '19"
"...... Golding (Harry) ed.-The Wonder book of rail- ways for boys and girls. 8th ed. Ryl. 8vo. 9×71, pp. 264, 6s. net WARD LOCK, Aug. '19"
"pp. 296, 7s. net.. Goldring (Douglas)-The Fight for freedom: a play in four acts. Cr. 8vo. 7×5, pp. 96, 3s. 6d. net; swd. 2s. net ..DANIEL, Nov. '19"
"12s. 6d. net.. .. JORDAN, Gorham (Charles T.)-The Medieval inquisition a study in religious persecution. Cr. 8vo. 7×5, cloth, pp. 120, 2s. 6d. net; swd. Is. 6d. WATTS, Feb. '19"
"...... net Gosse (Edmund)-Some diversions of a man of letters. Cr. 8vo. 7×5, pp. 351, 7s. 6d. net HEINEMANN, Oct. '19"
"8vo. pp. 128 Gould (Nat)-In low water. Gould (Nat)-In royal colours. ..... EVERETT, Dec. '18"
"8vo. pp. 128 EVERETT, Dec. '18"
"8vo. New ed. ..LONG, Dec. '18"
"8vo. pp. 124 EVERETT, Dec. '18"
net
".... Gray(James M., Rev.)—A Text-book on prophecy. Cr. 8vo. 7×5, pp. 215, 5s net OLIPHANTS, Oct. '19"
"66 Gray (Ladye)."" See Percy-Davis (Mrs. C.) Gray (Thomas)-Elegy written in a country church-yard, and other poems; together with ""History of John Gilpin,"" by William Cowper. 18mo. 5×41, pp. 290, Is. 6d. net MACMILLAN, Oct. '19"
2s. net July '19
..Oct. '19
"net Grey (Viscount) and others The League of Nations. Cr. 8vo. 7×5, pp. 149, bds. 3s. 6d. net (Oxford Univ. Pr.) MILFORD, Mar. '19"
"is. 9d. net pp. 248, Is. 6d. net Grey cat, Harris-Burland (J. B.) Feb. '19"
.Dec. '19
.Mar. '19
"(Every Irish- man's lib.) Intro. by Padraic Colum. Roy. 8vo. 9×5, pp. 459. 3s. 6d. net TALBOT PR.; UNWIN, May '19"
..Dec. '18
'19
ling 8vo. Ovel. t '19
"8vo. ages net ter ་ Grimm (J. and W.)-Grimm's Tales: from the ""Kinder-und Hausmärchen."" Cheap ed. Cr. 8vo. 7× 41, pp. 214, Is. 9d. net BLACKIE, Dec. '19"
".... Grimshaw (Beatrice)-Vaiti of the Islands. 12mo. 6×4, pp. 254, 2s. net ..NEWNES, Dec. '19"
"6s. net.. Grogan (Gerald)-William Pollok, and other tales. Cr. 8vo. 7 X5, pp. 304, 7s. net..LANE, Nov. '19"
"....... Homeland: Guest (George)-Heroes of the stories from British history. Cr. 8vo. 7×51, pp. 128, IS. 9d. net. .BELL, Dec. '19"
7s. 6d. .Dec. '19
.Mar. '19
. June '19
...Nov. '19
"8vo. 8 X51, pp. 288, BLACK, Jan. '19"
"10s. 6d. net for H. A. C.) 6s. net. nurses, Berkeley Gynecology, Handbk. of, Solomons (B.) Gynaecology, Principles of, Bell (W. B.) Gyrostatics and rotational motion: applications, Gray (A.) 42s. net Aug. '19"
38s. net Sep. '19
theory and ...Jan. '19
"42s. net Haig (Douglas, Field-Marshal Sir)-Rectorial address: Univ. of St. Andrew's, May 14, 1919. 8×5, pp. 22, IS. a (St. Andrews) W. C. HENDERSON, June '19"
"net Handicraft, Rudiments of, Benson (W. A. S.) Is. net Handley's Corner, Horn (K.) 6s. net Handmaiden of the Navy, Doorby (G. net Handmaidens of death, Tremaine (H.) ..Jan. '19"
is. net Aug. '19
"2nd Hankey (Donald)-A Student in arms. ser. 18mo. 6×41, pp. 233, lamb, 6s. 6d. net .MELROSE, Nov. '19"
"... Harris (H. Wilson)-The Peace in the making. Illus. and maps. Cr. 8vo. 7×5, pp. 246, 6s. net SWARTHMORE PR., Dec. '19"
"life and letters, Harris .Apr. '19"
net
"... Harrison (John)-The History of the Monastery of the Holy-Rood and of the Palace of Holy-Rood House. Fol. 10×71, pp. 285, 25s. net BLACKWOOD, Dec. '19"
"swd. 2s. net Harvey (Leonard C.)-Pulverised coal systems in Amer., Fuel Research Bd. 2s. 6d.....May '19"
"..... Hastings (Rev. James)-Index to the great texts of the Bible. Cr. 8vo. 9×5, pp. 79, 6s. net.. .T. & T. CLARK, Mar. '19"
"... Haverfield (E. L.)-The Happy comrade: a school story. Illus. by A. Morrow. Cr. 8vo. 7×5, pp. 351, 5s. net .MILFORD, Nov. '19"
"a ............ ..... Haycroft (Margaret S.)-Lost Toby. Cr. 8vo. 6×41, pp. 48, Is, net ...BLACKIE, Sep. '19"
"........ a Haydon (A. L.)-The Riders of the plains: record of the Royal North-West Mounted Police of Canada, 1873-1918. 7th impr. Cr. 8vo. 7 X5, pp. 412, 5s. net MELROSE, Apr. '19"
"and other verses. cl. 4s. 6d. net MILFORD, Jan. '19"
(G.) 35s. .Dec. '18
"net Health and immunity, Natural method of ac- quiring, Aird (W.) 2s. 6d. ..Jan. '19"
"7s. 6d. net Healthy old age, Road to, Scott (T. B.) 4s. 6d. net .Mar. '19"
"of poetry. Selected and ed. with an intro. by John Erskine, Ryl. 8vo. 9×61, pp. 422, 15s. net HEINEMANN, Sep. '19"
.Mar. '19
"pp. 226, 2s. 6d. net Hedgecock (Frank A.)-Pitman's Progressive French grammar. Complete ed. Cr. 7×5, pp. 500, 5s. 6d. net..PITMAN, Apr. '19"
8vo.
.Aug. '19
.Feb. '19
"(Oxford Univ. Pr.) MILFORD, Dec. '19"
.Dec. '19
"(L. de) 2s. net Hills of desire, Maher (R. A.) 6s. net....Oct. '19"
".... Hiorth (Albert)-Palestine restored: concerning the colonisation of Palestine. Ryl. 8vo. 9×51, pp. 8, swd. 6d. . HODDER & S., Aug. '19"
.Oct. '19
3s. 6d. net Sep. '19
(Baroness) .Oct. '19
is. net July '19
.Oct. '19
. Sep. '19
"• Historic struggles for the faith, 3s. 6d. net Historical nights' entertainments, 1st and 2nd ser. ea. 7s. 6d. net.. Historical portraits, Fletcher (C. R. L.) and Walker (E.) 2 pts. ea. 12s. 6d. net....July '19"
.Dec. '19
"net Hoare (A.)-A Short Italian dictionary. Vol. 2: English-Italian. Demy 8vo. pp. 300, 7s. 6d. net ..CAMB. UNIV. PR., May '19"
"the War. Hobson (J. A.)-Democracy after 3rd ed. Cr. 8vo. 7× 5, pp. 215, 4s. 6d. net ALLEN & U., Feb. '19"
"and its Hocking (Silas K.)-Nancy. 289, 6s. net Hocking (William Ernest)—Morale enemies. Med. 8vo. 9× 6, pp. 211, 6s. 6d. net (Yale Univ. Pr.) MILFORD, Feb. '19"
"7×5, Hodgkin (L. Violet)-Fierce feathers. pp. 18, swd. 6d. net FRIENDS' BOOKSHOP, July '19"
.... Aug. '19
"...... Holy-Rood, Monastery and Palace of, Harrison (J.) 25s. net Holy Sepulchre, Brief descrip., Jeffery (G.) 10s. 6d. net . Dec. '19"
..Nov. '19
...Oct. '19
"pp. 200, 5s. net Home (Gordon)-France. Reprint. 64 col. illus 8vo. 6, pp. 228, 16s. net.. BLACK, Mar. '19"
..Dec. '19
"(F. W.), IS. net Homer The Odyssey. With English trans. by A. T. Murray, vol. 1. 18mo. 6×41, pp. 479, 1thr. Ios. net; clo. 7s. 6d. net HEINEMANN, July '19"
.Apr. '19
"104, 3s. 6d. net Hooke (H. C.)-Charlie's mascot. pp. 247, 5s. net.. Hooke (S. H.)-Christ and the Kingdom of God. Cr. 8vo. 7 X 4, pp 154, 4s. 6d. net; swd. 2s. 6d. net......STUDENT CHRISTIAN MISSION, Oct. '19"
"a UNWIN, June '19"
"an Hope (Anthony)-Beaumaroy home from the wars. Cr. 8vo. 7×5, pp. 245, 6s. net METHUEN, Aug. '19"
".......... Horton (H. O.)-The Efficient check figure system. 8vo. swd. Is. net ...PITMAN, Oct. '19"
.Aug. '19
"art. House (C. A.)-Bantams, and how to keep them. Cr. 8vo. 7 X4, pp. 114, IS. 3d. net POULTRY PR., June '19"
..Nov. '19
. Dec. '18
6s. net Nov. '19
"issued by Housing Dept. of the Ministry of Health. Vol. I, No. 1, &c., ea. 3d. H.M. STATIONERY OFF., July'19"
.Aug. '19
(Earl) 7s. 6d. net Sep. '19
"6d. net How to make money from poultry. Cr. 8vo. 7×4, pp. 116, swd. Is. net POULTRY PR., Aug. '19."
......
".......... a Howard (J. N., Brevet-Col.)-Tests and competi- tions for an infantry battalion. 8vo. 8x51, pp. 28, swd. Is. net ...... GALE & P., Oct. '19"
"net Hudson (W. H.)-The Purple land: being the narrative of one Richard Lamb's adventures in the Banda Oriental, in South America, as told by himself. Cr. 8vo. 7×5, pp. 363, 3s. 6d. .DUCKWORTH, Sep. '19"
..Oct. '19
...Apr. 19
.Aug. '19
"12s. 6d. Humanity at the cross roads, Randall (J. H.) 6s. 6d. net Humanity, Making of, Briffault (R.) net Oct. '19"
"100 best investments (The), August, 1919. With special article entitled "" 'Looking forward."" 8vo. 8×51, pp. 132, swd. is. net BRIT., FOREIGN & COLONIAL CORP., Aug. '19"
"100 best investments (The). Quarterly supp. Jan., 1919. 8vo. 81×51, pp. 56, swd. 3d. net BRIT. FOREIGN & COLONIAL CORP., Feb. '19"
"100 best investments (The): Quarterly suppl., with special article, ""A Period of re-adjust- ment,"" Nov. 1919. 8vo. 8×51, pp. 64, swd. 6d. net BRITISH, FOR. & COLONIAL CORPN., Dec. '19"
"178th Siege Battery, R.G.A., B.E.F., France. 1916-1918. 82×51, pp. 134, 5s. (Leeds) CHORLEY & PICKERSGILL, July '19"
"187th Infantry Brigade in France, 1917-18. 4to. pp. 43..WAR NARRATIVES PUBG. CO., Sep. '19"
"and power (Ellsworth)-World Huntingdon evolution. 8vo. Ios. 6d. net (Yale Univ. Pr.) MILFORD, Feb. '19"
"net Hygiene, Home and community, 8s. 6d. net Hygiene (Journal of)-Vol. 18, nos. 1-2, ea. Ios. 6d. net....CAMB. UNIV. PR., Apr., Sep. '19"
"net Idaho, Mining districts of, Varley (T.) 3s. net Oct. '19"
"net 40s.net Ignatius (St., Bishop of Antioch)-Epistles. Trans. by J. H. Srawley. Cr. 8vo. 7×5, 4º. net. (Trans. of Christian literature: Ser. 1, Greek texts) .S.P.C.K., Nov. '19"
. Dec. '18
"net Ignition, timing, &c., Russell (T. H.) 6s. 6d. net Feb. '19"
"lley (J. T.)-Garment making by the machine. Folio, pp. 23....J. WILLIAMSON CO., Dec. '18"
"(P. G.) 12s. 6d. net Illingworth (Arthur E.) (""The Whip"")-Fly papers being leaves from the diary of a war pilot. 71 × 41, pp. 108, 2s. net 2IS. (Newcastle) R. WARD & SONS, Mar. '19"
"net Images, Aldington (R.) 3s. 6d. net...... Sep. '19"
. Dec. '19
net Aug. '19
6d. net Oct. '19
.Feb. '19
6s. net Oct. 19
net Sep. '19
(Lt.-Col.) June '19
. Dec. '18
net Sep. '18
6s. net June '19
net Oct. '19
..Nov. '19
6d. net Sep. '19
"3s. 6d. net In tune with the Infinite, Trine (R. W.) 2s. net Nov. '19"
40s. net Oct. '19
..Jan. '19
.July '19
..Oct.'19
"2s. net. India, Letters from. India, Letters to people of, on responsible government, Curtis (L.) 2s. net ..July '19"
"8vo. 8×5, pp. 923 18s. 6d. .HARRISON & SONS, July '19"
.Dec. '19
.Sep. '19
..Oct. '19
"200, IOS. net Industrial peace, Johnston (T. B.) 6d. net Dec. '19"
"(R. M.), 4s. net.... . Oct. '19"
"3s. Industry and finance, Kirkcaldy (A. vol. 5s. net. W.) Suppl. Dec. '19"
.Mar. '19
"18s. net ...... Indian hist., Heroes of, Allen (J. C.) IS. 4d. Sep. '19"
"net Industry and trade, Marshall (A.) 18s. net Sep. '19"
"of, Bowley ..Apr.'19"
(I. D.) 6s. .. June '19
"net Industry suitable for disabled. See Labour (Ministry of) Inebriates Act (Ireland)-14th report of the Inspector, for 1917. Id. H.M. STATIONERY OFF., Sep. '19"
.Mar. '19
"2s. 6d. net Sep., Dec. '19"
.Apr. 19
.Apr. '19
"benefit Instincts in industry, Tead (O.) 6s. net Instructor, the man and the job, Allen (C. R.) 6s. net Insurance (Nat.) Acts.-Sanatorium return as to administration, 1916. 1d. H.M. STATIONERY OFF., Dec. '18"
"net Interest tables, Quarterly, Cudmore IS. 6d. net (H. H.) .Dec. '19"
net of Sep. '19
3d. net Feb. '19
"suppl., Nov. .Dec.' 19"
.Aug. '19
1919. 45. .Jan. '19
"net loteyko (Josefa)-The Science of labour and its organisation. Cr. 8vo. 7×5, pp. 207, 3s. 6d. ROUTLEDGE, Mar. '19"
"by ""Alpheo."" Is. net Oct. '19"
7s. 6d. net.. Nov.' 19
is. net Mar. '19
. Dec. '18
6d. net Nov. '19
"2d. ....H.M. STATIONERY OFF., Feb. '19"
"net Italian fairy tales, Stories from, Romano (L. E.) 6s. 6d. net Italian mother, &c., Swinburne (A. C.) Dec. '19"
(Priv. pr.) Dec. '18
"net Italian reader: Dolce Favella, net Grillo (E.) 4s. .Sep. '19"
.Aug. '19
(G. M.) 25. .Sep. '19
6d. net June '19
(H.) 8s. 6d. .. May '19
(G. M.) Mar. '19
".125 ... R.)-Wheeler's ....... MURRAY, Dec. '19"
"... James I.-Political works. Repr. from ed. of 1616, with intro. by C. H. McIlwain. Imp. 8vo. 11 X7, pp. 455, 17s. net (Harvard Univ. Pr.) MILFORD, Mar. 'Is James (Bentham)-Lita on the land. 8vo. pp. III STOCKWELL, Apr.'19"
"elementary Jamieson (Andrew)-A Practical manual of magnetism and electricity. Rev. by E. S. Andrews. Ioth ed. Cr. 8vo. 7×5, pp. 386, 5s. net. (Scientific text-bks.) GRIFFIN, Feb. '19"
. June '19
.Sep. '19
"and, China . May '19"
12s. net Sep. '19
net June '19
"and Snellen Jazz, How to, Pierre (Mons.) is. net. Jazzer's joy, Levey (S.) Is. Jean, Corkey (E.) 7s. net. .July '19"
.Aug. '19
6d. net Dec. '19
. Dec. '19
"net. Jerome (Jerome K.)-All roads lead to Calvary. Cr. 8vo. 7×5, pp. 288, 6s. 9d. net HUTCHINSON, Oct. '19"
...Oct. '19
.June '19
.Dec. '19
5s. net Oct. '19
6d. net Aug. '19
"'Jewish Nationalist ""-Commonwealth in Pales- tine. Id. .Dec. '18"
. Jan. '19
"selections from Boswell's Johnson, Samuel: Boswell (J.) 3s. 6d. net. Johnson, Samuel: Story of Doctor Roberts (S. C.), 4s. 6d. net.... letters. .Mar. '19"
"pp. 344, 7s. net Johnston (Sir Harry)-Pioneers in India. Cr. 8vo. 7×5, pp. 320, 3s. 6d. net.. BLACKIE, Nov. '19"
"net Joints, Measurement of movements of: Arthro- metry, Falconer (W. W.) 2s. 6d. net ..Dec. '18"
"66 Joker.""-New Patience. 2s. net ....Dec. '19"
"...... Jones (Henry Festing)-Samuel Butler, author of Erewhon, 1835-1902: a memoir. 2 vols. 8vo. 9×51, pp. 478; 541. 425. net MACMILLAN, Oct. '19"
"(Edinburgh), W. F. HENDERSON, Jan. '19"
9d. net* Νου. '19
باش
"1919 1919] ling to 1 com 35. net lay' death Vou. 'Is ones. eligion Oct. 't 1 in 1 p. 13 Oct. པ of ma 7X4 May' nd w X5 Dec. essio ཐབ་ Judge (Arthur W.)-Elementary principles of aeroplane design and construction: a textbook for students, draughtsmen, and engineers. 8vo. 8×51, pp. 124, 7s. 6d. net J. SELWYN, Sep. '19"
2s. 6d. net Dec. '19
..Oct. '19
"net June, poems, Allan (A. W.) Is. 6d. net ..Oct.'19"
.July '19
(E. R.) 6s. ..Oct. '19
"net..... Jupp(William J.)-Worlds not realised: a study of the human personality in the light (or shadow) of its unfulfilled possibilities. Cr. 8vo. 7×5, pp. 94, 2s. 6d. net; bds. 2s. net HEADLEY, May '19"
.July '19
.Oct. '19
..Mar. '19
"the uncommon ex- 7×5, periences of a commonplace woman. pp. 31, 2s. net.. .E. STOCK, Dec. '19"
is. net Nov. '19
".... ...... Vol. 2, Kastner (L. E.) ed.-Select passages in prose and verse from modern and contemporary French authors. Intermediate course. Cr. 8vo. pp. .HACHETTE, Jan. '19"
"164, 2s. 6d. net Kastor (E. H.)—Advertising. Illus. 8vo. Ithr. 145. net AMERICAN BOOK SUPPLY CO., Jan. '19"
. Sep. '18
saint of Dec. '18
"net Keyes (Roger, Vice-Admiral Sir)-Ostend and Zeebrugge, April 23; May 10, 1918; the dispatches. Ed. by C. Sanford Terry. Cr. 8vo. 7×5, pp. 224, 6s. 6d. net....MILFORD, Feb. '19"
".......... Kincaid (C. A.)-Tales from the Indian epics. Illus. by M. V. Dhurandhar. Cr. 8vo. 75, pp. 130, 3s. 6d. net MILFORD, Jan. '19"
.
"net Knight (E. F.)-The Harwich naval forces: their part in the Great War. Cr. 8vo. 7×5, pp. 246, 3s. 6d. net HODDER & S., June '19"
14s. net Mar. '19
"£-What is it? Martin (A. J. Lt.) 6d. net, July '19"
.Jan. '19
6d. net Dec. '19
"an Lamps, Electric hand and cycle, Marshall (P.) 9d. ..Nov. '19"
"net Lampson (Godfrey Locker-) see Locker-Lampson. Lancashire, W., Division, Story of 55th, Coop (J. O.) 2s. net.. ·June '19"
.Dec. '19
.Dec. '18
"2d. Land of Eldorado, Goodchild (G.) 6s. net Apr. '19"
6d. net. May '19
(B. W.) .Dec. '18
.Mar. '19
.Nov. '19
12s. 6d. net Apr. '19
..May '19
"........ Law (Alice)-Cupid and Psyche, and other poems. 18 mo. swd. Is. 6d. net ..E. MATHEWS, Dec. '19"
"net Law, Criminal, Select of cases, Kenny (C. S.) 15s. ..Dec. '19"
"''Law Notes "" Refreshers on recent legislation 8vo. pp. 118........ 'LAW NOTES,"" Oct. '19"
"(W. H. H.) Law, Real property, Epitome, Kelke 8s. 6d. net Law reform in China, Wang Chung-Hui. Lawson's Text-book of botany (Indian ed.). New and rev. ed. Rev. and adapted by Birbal Salini and M. Willis. Cr. 8vo. pp. 622, 8s. 6d. UNIV. TUTORIAL PR., Mar. '19"
3d. net May '19
"net Law: Student's practice of the Courts, Gibson (A.) and Weldon (A.) 21s. net. .Oct. '19"
.Mar. '19
"practice, 1919. 25s. net ..Feb. '19"
"1s. 6d. net ..... Lawn tennis for girls, Lenglen (Mlle.) Lawn tennis, How to play, Parke (J. Sep. '19"
"net Lawrence (C. E.)-Such stuff as dreams. Cr. 8vo. 7×5, pp. 308, 7s. net MURRAY, Apr. '19"
"....... Lawrence (T. J.)-Lectures on the League of Nations delivered in the Univ. of Bristol. Cr. 8vo. 7 X4, pp. 110, swd. is. net ARROWSMITH, Apr. '19"
...... ..July '19
.June '19
.Dec. '18
"net Leaves of grass, Whitman (W.) 12s. 6d. net Leblanc (Maurice)-813. 16mo. pp. 256. Is. 9d. net NEWNES, Nov. '18"
"the Lecomte (Georges)-Georges Clemenceau : Tiger of France. Trans. by D. C. Stuart. Cr. 8vo. 6s. 6d. net APPLETON, June '19"
"(Mod. Lang. Research Lee (Sidney, Sir)-Modern language research: inaugural address, 1918. Assoc.) 8X5, swd. Is. (Cambridge) DEIGHTON, BELL, Apr. '19"
75.
".... Le Strange (G.)-The Geographical part of the Nuzhat-al-Zutub. Composed by Hamd- Altah Mustawfi of Zazwin in 740 (1340). Translated. 8vo. 8s. net CAMB. UNIV. PR., Feb. '19"
.Jan. '19
.Oct. '19
"and health, Letters to a young man on love Gallichan (W. M.) 6s. 6d. net. Letters to Atticas, Cicero (M. T.) Ios. 6d., 6s., 7s. 6d. net ...Sep. '19"
...Aug. '19
"(St. C., Sir) 2s. 6d... Level track, Yorke (C.) 6s. 9d. net HUTCHINSON, Nov. '19"
"3s. 6d. business man, Library, Public, can help the Sparke (A.) IS. net net Licenciado Vidriera, Cervantes (M. de) ...... May '19"
is. 6d. net Sep. '19
...Apr. '19
..Sep. '19
..Nov. '19
6d. net June '19
.....
"...... Lincoln (Joseph C.)-Kent Knowles. 8vo. pp. 252 28. net.... NEWNES, Sep. '18"
.Feb. '19
..Aug. '19
..Nov. '19
.Nov. '19
..Feb. '19
(W. C.) .Oct. '19
.Dec. '19
...Dec. '19
2s. 6d. net Aug. '19
.. Nov. '19
5s. net June '19
"...... ... London (Charmian Kittredge) (Mr. Jack London -Jack London and Hawaii. Cr. 8vo. 7×5, pp. 305, 8s. 6d. net......MILLS & B., Feb. '19"
"pp. 248, 6s. net London (Jack)-The Strength of the strong. 18mo. clo. 6×4, pp. 189, Is. 6d. net London à vol d'oissau MILLS & B., July '19"
.Aug. '19
.Nov. '19
.Sep. '19
...Nov. '19
.Dec. '19
.Jan. '19
.Nov. '19
"...... Love among the artists, Shaw (G. B.) 2s. net Oct. '19"
"2s. net Love of Navarre, Peterson (M.) 3s. 6d. net Oct. '19"
".... Lyall (Charles, Sir) trans.-Poems of 'Amr, Son of Qami 'ah of the Clan of Qais, Son of Tha 'labah, a Branch of the Tribe of Baker, Son of Wa'il (The). Ed. and trans. by Sir Chas. Lyall. 4to. 21s. net .CAMB. UNIV. PR., Nov. '19"
"...... ........ Lynch (Bohun)-The Tender conscience. Cr. 8vo. 7×5, pp. 255, 7s. net .... SECKER, Aug. '19"
"(Manchester) J. E. CORNISH, Aug. '19"
"14S. net Macaulay I. (Rose)-What not: a prophetic comedy. Cr. 8vo. 7 × 5, pp. 236, 6s. net CONSTABLE, Mar. '19"
"of religion. McCabe (Joseph)-The Growth Cr. 8vo. 7×5, pp. 312, 6s. net - McCabe (Joseph) The Romanoffs. Illus. 8vo. IOS. 6d. net WATTS, Feb. '19"
the old. .Jan. '19
"8×51, pp. 119 PUBLISHERS' Assoc., Sep. '19"
.June '19
.Oct. '19
".... McKenna (Stephen)-Ninety-six hours' leave. Cheap ed. Cr. 8vo. 7×5, pp. 300, 3s. 6d. net METHUEN, Dec. '19"
"...... Mackennal (W. L.)-Life of Major John Haworth Whitworth, D.S.O., M.C. Cr. 8vo. 7X51, pp. 168, 6s. net ..SHERRATT & H., Feb. '19"
"...... Macnaughton (S.)-My war experiences in two continents. Ed. by her Niece, Mrs. Lionel Salmon (Betty Keays-Young). 8vo. 8×51, pp. 298, 10s. 6d. net .MURRAY, Apr. '19"
.Oct. '19
(W.) 3s. net Dec. '19
..Aug. '19
"the twins. Illus. by 8vo. 81×61, pp. 63, .NELSON, Dec. '19"
6d. net Nov. '19
"21S. net Manchester (Victoria University of)-Calendar, 1919-1920 8vo. 5s. net ....LONGMANS, Dec.' 19"
"..... .... Mann (Walter)-The Follies and frauds of spiri- tualism. Cr. 8vo. 7×4, pp. 199, 5s. net; swd. 3s. 6d. net WATTS, Apr. '19"
"of, James .Dec. '19"
..Sep. '19
"[To be followed by a similar map, &c., of Mark of the beast, Kauffman (R. W.) is. 6d. net Sumatra, and also of the whole Archipelago. Sep. '19"
".PEARSON, Mar. '19"
"2s. 6d. net Marine engineer's annual, Munro's. net (Sydney) DYMOCK'S BOOK ARCADE, Jan. '19"
..Nov. '19
"....... Marquis, Soutar (A.) 2s. 6d. net Marr (H. C., Lt.-Col.)-Psychoses of the war: including neurasthenia and shell shock. 8vo. 8×5, pp. 343, 16s. net FROWDE AND HODDER & Co. Marriage and kisses, Arondal (J.) 2s. net Nov. '19"
・Pune '19' Dec. '19
"6s. net ...... an Martin (Edward J.)-The Emperor Julian : essay on his relations with the Christian religion. 8vo. 8×51, pp. 128, 3s. 6d. net. (Studies in church hist.) .S.P.C.K., Nov. '19"
..Oct. '19
"(B. M.) 9d. net... Massage, Theory and practice, Goodall-Copestake . May '19"
"(B. M.) 9s. net Masse (H. J. L. J.)-Chats on old pewter. 8vo. 9×6, pp. 423, Ios. 6d. net ..UNWIN, Dec. '19"
"net Maudie and the white cat. By H. C. 8vo. 7×5, pp. 42, IS. 6d. (Edinburgh) ""SCOTTISH CHRONICLE,"" July '19"
"..... Mawer (Irene)-Bobbly rhymes for bobbly times. 8vo. 9× 5, pp. 24, 2s. 6d. (25, Wellington St., Strand, W.C. 2) MIDDLETON, Jan. '19"
"poems, Sharp (T. W.) is. 6d. net Mar. '19"
"net net Maynard (Theodore) ed.-A Tankard of ale an anthology of drinking songs. Cr. 8vo. 7×5 pp. 188, 5s. net .....E. MACDONALD, Nov. '19"
..Dec. '19
"net Meat hygiene, Edelmann (R.) 24s. net Mechanic, Amateur, Collins (A. F.) 5s. May '19"
.Feb. '19
2s 6d. .Nov. '19
6d. net Aug. '19
(C. M.) 6s. net Feb. '19
6d. net Dec. '19
"10s. Medical jurisprudence for India, 28s. net Lyon (I. B.) (H. . Jan. '19"
2s. 6d. July '19
..Dec. '18
"6s. net..... Medicine (Quarterly Journal of). Vol. 12, nos. 45-46. Imp. 8vo. pp. 150, 17s. net (Clarendon Pr.) MILFORD, Jan. '19"
.Nov. '19
"......... Merchant tonnage and the submarine: Supple- mentary statement showing, for the U.K. and the World, for period Aug. 1914-Oct. 1918, merchant tonnage losses by enemy action and marine risk, merchant shipbuilding output, and enemy vessels captured and brought into service. With diag. showing losses and output of merchant tonnage for U.K. and World, for ea. quarter to Sep. 30, 1918. 2d. • H.M. STATIONERY OFF., Dec. '18"
"........ Mercier (Charles A.)-Spiritualism and Sir Oliver Lodge. Cr. 8vo. 7×5, pp. 143, 2s. 6d. net WATTS, Oct. '19"
"governing the retire- 8vo. 12s. 6d. net APPLETON, Feb. '19"
(H. B.) .Dec. '19
"3s., 25. net jan. 'Is Mesopotamian verses, Thompson (F. J.) Message of the Gospel to the 20th cent., Corbet (R. W.) 3s. 6d. net. . May, '19"
"vols.): Annual supplement, 1918. 8vo. 15s. net SWEET & M., May '19"
"net 2s. net ....... ..... Michelin Maps of the British Isles, The. Sections 1-22 and 24-31. Swd. Is. net. canvas 2s. net MICHELIN TYRE Co., July '19"
"'Midst Arctic perils, Westerman (P. F.) 3s. 6d. net Oct.' 19"
..July '19
.......
": Military Net practice for platoons, Guggisberg (F. G., B.-Gen.) is. net.. .Dec. '19"
"technical, .Apr. '19"
. May '19
"net Miln (Louise Jordan)-The Purple mask. Based upon Mr. Matheson Lang's adaptation of the French play. Cr. 8vo. 7×5, pp. 314, 2s. 6d. .HODDER, July, Oct. '19"
"5s. net Milne (Joseph S.)-Neurasthenia, shell-shock and a new life. Cr. 8vo. pp. 46 (Newcastle-on-Tyne: Clavering Place) R. ROBINSON & CO., LTD., Feb. '19"
"&c., Mar.-July, 1919, 1s. 9d. Milne (William P.) and Westcott (G. J. B.)—A First course in the calculus. Pt. I. Cr. 8vo. 71×4, pp. 216, 3s. 6d. net Milner (Lucinda)-A thoughts. Cr. 8vo. G. BELL, Jan. '19"
"of sacred Storehouse 7X41, pp. 254, 3s. 6d. SHERRATT & H., Feb. '19"
"net Milner (Viscount)-The British Commonwealth. 81×54, pp. 20, swd. 9d. CONSTABLE, Dec. '19"
..Apr.'19
"net Mr. Standfast, Buchan (J.) 7s. net......May '19"
3s. 6d. .Nov. '19
(E.) 6s. .Oct. '19
...Nov. '19
is. net Feb. '19
"........ Mrs. Peter Howard, Mann (M. E.) 2s. net Mistpool, Adair (C.) 2s. 6d. net Mitchell (Chas. F. and George A.)-Building con- struction. Part 2, advanced course. 9th ed., rev. and enl. Cr. 8vo, 7×5, pp. 985. IOS. 6d. net .BATSFORD, Oct. 19"
...... ....
"5s. net More literary recreations, Cook (Sir E.) 7s. 6d. net Oct. '19"
"net More ""Messages,” by Murray (C.) 25. 3d. July '19"
...Jan. '19
"3s. net Morrison (G. E.)-The Reconstruction of the theatre. Foreword by Henry Arthur Jones. 8vo. 8×5, pp. 20, swd. 6d. net SIMPKIN, May '19"
"19th ed. ILIFFE, Feb. '19"
.Apr. '19
(T. H.) .Feb. '19.
....
3s. net Nov. '19
. Dec. '18
.Dec. '19
(R. M.) Oct. '19
"66 Narthex :”—Doctrinal unity, 2s. 6d. net, Oct. '19"
"taining index of places, glossary of names of Shravaka castes and Gotras of Gachhas and Acharyas with dates. Pt. 1, with plates, 4to., pp. 256, 12s. 6d. ..LUZAC, Aug. '19"
"translation. 8vo. pp. 108, swd. Is. 6d. LUZAC, Aug. '19 National proverbs: Arabia; China; England; Naida the tenderfoot, Irvine (A. M) 4s. net France; Holland; India; Ireland; Italy; Oct. '19"
".... Naldrett (Percy)-A Civilian in khaki: poems. 5×4, pp. 20, swd. 6d. net (Portsmouth) Ą. H. STRIDE, Feb. '19"
"........ Nationalism and internationalism, 7s. 6d. net Nationalities in Hungary, Hevesy (A. de) 6s. net Muir (R.) Dec. '19"
. Sep. '19
(L.) Pt. 1. Jan. '19
"3d. Nations, Commonwealth of, Curtis 12s. 6d. net.. Nations, Society of, Lawrence (T. J.) 7s. 6d. net Nativity Play, Wakefield Second. 42s. Jan. '19"
..Aug. '19
5s. net Oct. 19
6d. net Oct. '19
105s. net Nov. '19
net May '19
"butterflies and moths. Designed by H. Foster Newey. Ryl. 8vo. 97, 2s. net.... ALLDAY, Sep. '19"
3s. 6d. net June '19
.Dec. '19
".... Naval Savings Banks-Account for 1917-18. id. H.M. STATIONERY OFF., Aug. '19"
"7s. 6d. net Navy everywhere, Cato (C.) 10s. 6d. net..Nov. '19"
"worth living, ... Nov. '19"
"7×5, pp. Needham (Hannah)-An Helpmeet. 302, 6s. net (Amersham, Bucks) MORLAND; FOYLE, Dec.'19"
"(E. L.) New fallacies of Midas, Robinson (C. E.) 6s. net Jan. '19"
1s. 6d. net Aug. '19
6s. net Nov. '19
"...... FROWDE AND HODDER & S., Feb. '19"
"pp. 72, 2s. net New poems, Roberts (C. G. D.) 2s. 6d. net May '19"
•
"(Warton Newbolt (Sir Henry)-Poetry and time. Lecture on English Poetry, 9.) 8vo. swd. Is. net. (British Academy) (OXFORD UNIV. PR.) MILFORD, June '19"
.July '19
....July '19
. June '19
"1914, French (Field-Marshal Visct.) 21s. net June '19"
"1920: dips into the future; by ""Lucian."" 8vo. 7×4, pp. 98, 2s. net HEADLEY BROS., Feb. '19"
"9th (Scottish) Div., Three years with, Croft (W.D.) 9s. net ..Sep. '19"
"8vo. pp. 303, 25. net MILLS & B., Oct. '18"
2s. 6d. net Apr. '19
25s. net Nov. '19
1s. net Mar. '19
"net Not naughty now, Rundall (J.) 3s. 6d. net Dec. '19"
. Oct. '19
"mare, Hales Nov. '19"
. Feb. '19
"7×4, Dec. '19"
essays. 2s. net June '19
(J.) 5s. net Oct. '19
6d. net July '19
"net Old-fashioned girl, Alcott (L. M.) 2s. net Oct. '19"
"8.1 Sw the the Old wives' tale, Bennett (A.) 7s. net......Dec. '19"
"8vo. Ollard (S. L.)-Dunsfold and its rectors. pp. 76, swd. (19, Newton St., W.C. 2) ROWORTH & Co., Feb. '19"
"[191 1919] lom (A.L ...Dec. ' S.net Aug.': E.) 55.6 ...Now!': On accepting ourselves, &c., Hutton (J. A.) 6s. net Nov. '19"
"65. g. On Swan River, Footner (H.) 75. net....Nov. '19"
"你 ​Dec. ...Dec.': On the edge of the world, Candler (E.) Is. 6d. net May '19"
"1,000 questions in general knowledge-Smith (H.) 4s. 6d. net .Apr. '19"
"8vo. pp. 123 LAURIE, Dec. '19"
"essay s. 6d. Oct. first Only woman (The). By ""Banco."" 0.7 New Vind Ontology: Nature of being, IOS. 6d. net.. t Ap Serms Jar. Open light faith and reality, 4s. 6d. net net 6s. 9d. net Nov. '19"
"-t net Ophthalmology, Aids to, Harman (B. N.) 3s. 6d. July '19"
5s. net ..June '19
"....... Orthopaedic surgery, Whitman (R.) 36s. net June '19"
6d. net June '19
.Nov. '19
6s. net
"(Clarendon Pr.) MILFORD, Feb. '19"
12s. net Apr. '19
"other Page (Anne)-Lavender's blue, and poems. Cr. 8vo. swd. Is. net STOCKWELL, July '19"
12s. 6d. Nov. '19
.Aug. '19
"net Palestine restored, Hiorth (A.) 6d. Palestine, With our Army in, Bluett (A.) 7s. 6d. net Dec. 19"
"historical Palgrave (Francis, Sir)-Collected works. The History of Normandy and of England. Vols. 1-2. Edit. by Sir R. N. I. Palgrave. Ports., maps. Roy. 8vo. pp. 654, 638, ea. 30s. net ..CAMB. UNIV. PR., Apr. '19"
.Oct. '19
..Dec. '19
"marigolds, Nov. '19"
.Aug.'19
25. net Apr. '19
8s. 6d. net Oct. '19
10s. 6d. net June '19
.. Feb. '19
".... Parsons (Capt.)-Revolution, industrial and political: viewed from both sides. 8vo. 8×51, pp. 64, swd. 9d. net BRIT. EMPIRE UNION, Apr. '19"
"5s. net Pathological methods, Standardisation of, Rpts. of Spec. Ctte. upon: 4, Wassermann Test, Insurance (Nat Health) Medical Research Ctte. Nov. '18"
"net Pathway to fulness of blessing as illus. in pro- phecies of Balaam, Langston (E. L.) 2s. 6d. net Dec. '18"
"(A.), &c., .Dec. '19"
. Dec. '19
(A. E.) IOS. .Oct. '19
6d. net May '19
6d. net Aug. '19
net July '19
(Count de) ..Apr. '19
6d. net Aug. '19
(W. B.) June '19
net July '19
"net Peace proposals made by His Holiness the Pope to the belligerent powers, Aug. 1, 1917: corre- spondence. 2d. H.M. STATIONERY OFF., Aug.'19"
. Dec. '18
"to, Moulton . Dec. '19"
and Wort Nov. '19
"....... Peace (Treaty of)-Protocol suppl. to the Treaty of Peace: Signed at Versailles, June 28, 1919. Id. ..H.M. STATIONERY OFF., July'19"
.Aug. '19
"4s. 6d. net Pearson (Arthur, Sir)-Victory over blindness, how it was won by the men of St. Dunstan's and how others may win it. Cr. 8vo. 7×5, . HODDER & S., May, '19"
"pp. 322, 7s. net Pearson (Arthur A.)-The Flora of Wimbledon Common. 8vo. pp. 17, Is. net TAYLOR & F., Dec. '18"
"3s. Pease (Howard)-Border ghost stories. Cr. 8vo. 7×5, pp. 319, 7s. 6d. net E. MACDONALD, July '19"
.Feb. '19
"(I.) 10s. 6d. net Penny (F. E.)-Desire and delight. Cr. 8vo. 7×5, pp. 324, 7s. net .... CHATTO, Sep. '19"
". Penrose (Harold E.)-Useful notes on wireless telegraphy. Book 1, Direct current; bk. 2, Alternating current; bk. 3, High-frequency cur- rent and wave production; bk. 4, 1 K.w. ship set; bk. 5, The Oscillation valve. Cr. 8vo., 74, ea. swd. Is. 4d. net (Student's lib.) WIRELESS P., Oct. '19"
"net Pensions, Llewellyn (L. J.) and Jones (A. B.) 30s. ..Mar. '19"
(Pogany) .Dec. '19
. Feb. '19
(T.)_ 9s. net Dec. '19
6d. net Apr. '19
....Nov. 19
7s. 6d. net Sep. '19
"realised, Jupp .. May '19"
6d. net Mar. '19
.Dec. '18
9d. net May '19
2s. net Dec. '19
"net Petroleum, Lidgett (A.) 2s. 6d. net Petroleum Executive (H.M.)-Alcohol for power and traction purposes: report of the Inter- Dep. Ctte. 2d. H.M. STATIONERY OFF., June '19"
.Apr. '19
"geography. Ed. by 13X101, pp. without index, swd. .PHILIP, Dec. '19"
"containing 55 maps and diag. 8vo. swd. 8×7, pp. 32, Is. 3d. ..PHILIP, Dec. '19"
"net... H.M. STATIONERY OFF., Apr. '19"
net
"2 vols, Phillips (David Graham)-Susan Lenox. Cr. 8vo., 7× 5, pp. 505; 560, 15s. net APPLETON, Oct. '19"
.Aug. '19
5s. net Oct. 19
"7s. 6d. net Photography, Marvels of, Gibson (C. R.) Phrases, Dict. of 6,000, Carr (E. H.) Sep. '19"
..Oct. '19
daughter. . Dec. '19
net Nov. '19
.Mar. '19
. Jan. '19
. Dec. '19
"net Phonetic reader, Mackenzie (C. F.) and Drew (P. W.) IS. 3d. net .Sep. '19"
"(W. D.) 7s. 6d. net.. Physiology, Chemical, Essentials of, Halliburton Physiology, Essentials of, Bainbridge Menzies (S.A.) 12s. 6d. net Physiology, Intro. to gen., Bayliss . Sep. '19"
(F.A.) and .Aug. '19
(W. M.) 7s. 6d. net .Oct. '19
6d. net Mar. '19
.Nov. '19
.Oct. '19
"course. 8d. net Pitt (St. George Lane Fox)-The Purpose of education. New ed., with pref. by Emile Boutroux. 8vo. 8×51, pp. 144, 7s. 6d. net CAMB. UNIV. PR., July '19"
..May '19
"16mo. pp. 128, 6s. net. Pituitary, Bell (W. B.) 30s. net ......... Pius X.-Letters to Catholic priests. 31, IS. 3d. net ......WASHBOURNE, Dec. '18"
6d. net June '19
10s. 6d. net Mar. '19
4s. net Nov. '19
21s. net Aug. '19
"...... Plays, First, Milne (A. A.) 6s. net .. Sep. '19"
.Oct. '19
.Oct. 19
".... Poems of Ossian, Macpherson (J.) 6s. .... Nov. '19"
.Mar. '19
....Oct. '19
..Jan. '19
3s. net July '19
..Mar.' 19
..Aug. '19
...Oct. '19
net..Jan. '19
: Nov. '19
6s. net .Aug. '19
5s. net. Dec. '19
.Oct.'18
.Apr. '19
.Nov. '19
3s. 6d. net Mar. '19
5s. net Sep. '19
. Dec. '18
6d. net Nov. '19
6s. net..... Mar. '19
before the conference. .Apr. 19
"(F. J. C.) 3s. 6d. net Political justice, Godwin (W.) 2s. 6d. net Feb. '19"
".... Pollard (A. F.)-The League of Nations: an historical argument. Cr. 8vo. 7×51, pp. 54, IS. net (Clarendon Pr.) MILFORD, Jan. '19"
"...... a 18mo. BATSFORD (MARSHALL, JONES & Co.) July '19"
.Feb. '19
"and Wilson (James C.)- Internal medicine. 3 vols. and desk index. 8vo. 75s. net LIPPINCOTT, Sep. '19"
"an Pottinger (David T.) ed.-English essays: anthology of essays from Bacon to Lucas. With intro. and notes. 18mo. 5×4, pp. 354, Is. 6d. net MACMILLAN, June '19"
"... Poultry Income from backyard fowls, Powell Owen (W.) 9d. net .June '19"
"of, 1919. .Feb. '19"
(F. G.) 5s. .Sep. '19
6d. net Feb. '19
.May '19
"...... : Poultry Small garden, 9d. Poultry World Account book. Designed by W. Hooley. 8vo. Is. 6d. net POULTRY PR., June '19"
"11x8, pp. 84, 7s. 6d. net SANDERS, PHILLIPS, Apr. '19"
"..... ..... Power (Eileen)-A Bibliography for teachers of history. 8vo. pp. 51 WOMEN'S INTERNAT. LEAGUE, Aug. '19"
net Aug. '19
6s. 6d. net Aug. '19
"implications of, Geiger .Dec. '19"
..Abr.'19
10s. 6d. net Mar. '19
.Sep. '19
"(A., Rev.) July '19"
"16mo. pp. 51, 8d. Prayers. By J. R. [Cameron]. net. 2nd ed., Is. net Prayers for to-day, Soulsby (L. H. M.) Prayers, Little bk. of, Chesterton (W. J.) GOWANS & G., Dec. '17; Sep. '18"
..Dec. '18
9d. net Apr. 19
....Dec. '19
.Oct. '19
6s. net Dec. '19
"! Prentiss (Mrs. E.)-Stepping Heavenward. Cr. 8vo. 7×5, pp. 309, 3s. net HUTCHINSON, Oct.' 19"
"(R. S.) 7s. 6d. net Prisoners of Mainz, Waugh (A.) 7s. 6d. net Mar. '19"
"8×7, pp. 24, SCH., June' 19"
(A.) and Mar. '19
"(Chiswick, W. 4) BELMONT BOYS' Probate, divorce, &c., Student's Gibson Weldon (A.) 30s. net.. Problem Club, Pain (B.) 7s. net.. Problem of the Cross, Storr (V. F.) 5s. net Mar. '19"
.Dec. '19
"have seen, ..Oct.'19"
34s. 6d. net Nov. '19
"(P.) 2s. 6d., . Feb. '19"
"and Baxter Property, Evolution of, Lafargue IS. 6d. net Property, Law of, Strahan (J. A.) (J. S.) 16s. net. Prophecies of Balaam, Pathway to blessing as illus. in, Langston (E. L.) Prophecy and authority, Fullerton net . June '19"
fulness of 2s. 6d. net Dec. '18
(K.) 6s. 6d. ..Oct. 19
.Apr. '19
"(S. A.) 3s. net Amazing séance, Moseley Psychical science, Experiments in, (W. J.) 6s. net Psychical science: Voices from the (H. T.) 3s. 6d. net Psycho-analysis, Bradby (M. K.) 8s. Psychoanalysis, What is, Coriat (I. May '19"
"void, Smith 6d. net .Apr. '19"
.Oct. 19
"8vo. 8×5, pp. 129, 6s. net Psychologies, Ross (R.) 2s. 6d. net. Psychology and parenthood, Bruce 7s. 6d. net .Dec. '19"
(H. A.) June '19
6s. 6d. net Sep. '19
"&c., Scott . Jan. '19"
7s. 6d. net Sep. '19
..Dec. '19
".... Psychology and the day's work, Swift (E. J.) IOS. 6d. net... Psychology, Applied, Hollingworth (H. J.) and Poffenberger (A. T.) 10s. 6d. net...... Feb. '19"
"8vo. Punch's (Mr.) History of the Great War. 9×61, pp. 303, 10s. 6d. net CASSELL, July '19"
pr.) Dec. '18
(Priv. pr.) June '19
.....
(H. U. W.) . Sep. '19
standard IS. net Oct. '19
6d. net Mar. '19
.Dec. '19
ballads. Dec. '19
"3d. Rackham (Francis)-Khaki candour. Cr. 8vo. swd. Is.net ..STOCKWELL, Mar. '19"
clearing .Apr. '19
"3d. Railways (Light)-Hooton Light Railways order, 1919. 3d. .H.M. STATIONERY OFF., Sep. '19"
...Dec. '19
"1917. IOS. Rainfall, Brit., 1918, Mill (H. R.) 10s. ..Nov. '19"
(R.) and Mar. '19
"(G. H.) 3d. Rappoport (Angelo S.)-The Love affairs of the Vatican. 8vo. pp. 256 ...... BARTER'S HANDB., Dec. '18"
.July '19
"and, Rawson (Graham S.)-The Measure; Downstream: two plays. Cr. 8vo. 7×51, pp. 132, swd. 4s. net UNWIN, Aug. '19"
"(Herbert)-Naked warriors. Cr. 8vo. 7X4, pp. 60, swd. 3s. net (9, Duke St., Adelphi, W.C. 2) ART AND LETTERS, Apr. '19"
is. net Jan. '19
.Nov. '19
. May '19
"of life, Sorley .Apr. '19"
and D.) . Dec. '19
..Apr.'19
"........ Reconstruction (Ministry of)-Reconstruction pro- blems. 29, British fishermen and the nation, pt. 2, Salmon and freshwater fisheries; 30, Modern languages in Brit. education; 31, Trusts, combines and trade associations; 32, Poor Law reform; 33, Child welfare; 34, Future of aerial transport; 35, Uses of costing; 36, Industrial research; 37, Mission of the British Army. 8vo. Ea. 2d. H.M. STATIONERY OFF., July-Aug.' 19"
"... Red book, 1919 (The): the ""Standard' British East Africa and Uganda hand-book and directory. Cr. 8vo. 12s. net SIFTON, PRAED, Sep. '19"
. Feb. '19
(J. B.) .Feb. '19
..Aug. '19.
5s. net Sep. '19
"10×6, Red Pepper's patients, Richmond (G. S.) Red register of King's Lynn. Vol. 1. pp. 307 . (King's Lynn) THEW, Sep. '19"
(Sir A. K.) ..Jan. '19
(J. A.) .Feb. '19
"5s, net"
(Cardinal) .Oct. '19
(H.) 7s. 6d. .Nov. '19
6d. net June '19
.Feb. '19
4s. 6d. net Feb. '19
. Sep. '19
(J. N.) Mar. '19
.Apr. '19
": Religion what it really is, Docker (A.) 3s. 6d. net June '19"
.. Sep. '19
..Dec. '18
"the Baby, Reid's Forty-seven hours wages calculator, Gribbin (J.) 2s. 6d. net Reign of love; now, His Majesty Ward (H. M.) 3s. 6d. net. Reincarnation, Whyte (G. H.) 2s. Reiser (Fridolin)—The Hardening and tempering of steel. Trans. 2nd rev. Eng. ed. 8vo. pp. 147, 6s. net ..SCOTT, GREENWOOD, Oct. '18"
.Nov. '19
"6s. net Requiem, Allatini (R.) 75. net Rescue work: an inquiry and criticism. 8 × 5, pp. 122, swd. Is. (19 Tothill St., S.W.1) CTTE. OF SOCIAL INVESTIG. & REFORM, Aug.' 19"
.Aug. '19
.May '19
.Jan. '19
..Dec. '18
"2s. 6d., Sep. '18"
5s. net Feb. '19
"a Ride from Milan, &c., Swinburne (A. C.) (Priv. pr.) Dec. '18"
internat. . June '19
6d. net July '19
2s. 6d. net Aug. '19
"..... Roach (J.)-Eggs at a profit every day in the year showing how it has been done by a back yarder. Cr. 8vo. pp. 20, swd. 3d. (Cromwell Ho., High Holborn, W.C. 1) AUTHOR, Jan. '19"
".... ""Road Rider ""-Tracing motor cycle troubles. 2s.net .July '19"
"+ two Robertson (A. T.)-A Short grammar of the Greek New Testament. 4th ed. 8vo. 8×5, pp. 249, 6s. net .HODDER & S., Oct. '19"
"net Rodd (Rennell Sir)-Love, worship and death: some renderings from the Greek Anthology. New and enl. ed. Cr. 8vo. 7×51, pp. 159, 5s. net ..ARNOLD, Mar. '19"
"coins of, 3, M.) 7s. 6d. .Dec. '19"
21s. net Oct. '19
"net Roman private law, Clark (E. C.) Pt. Romance of the battle-line in France, (J. E. C.) 7s. 6d. net Romance of the Red Triangle, Yapp (Sir A. K.) 6s. net Jan. '19"
3s. net Apr. '19
"the Eng., Romantic literature, Essays in, Wyndham (G.) 12s.net ..June '19"
.Feb. '19
.Nov. '19
"(Evelyn)-The Fairies in my garden. Ryl. 8vo. 2s. 6d. net..MARSHALL BROS., Dec. '19"
"3s. 6d. net net Roundels and rhymes, Moor (A.) Dec. '19"
"net Royal red bk., Webster's, May, 1919. net 7s. 6d. June '19"
·June '19
"13S. net Royce (Marjory)-The Desperate marriage. 8vo. 7×5, pp. 312, 6s. net..HODDER & S., Nov. '19"
(Illus. by Dulac) .Nov. '19
.. Dec. '19
"studies. Runciman (Walter, Sir)-Drake, Nelson and Napoleon 8vo. 9×5, pp. 373, 12s. 6d. net UNWIN, Aug. '19"
"net Russia in 1919, Six weeks in, Ransome (A.) 2s. 6d. June '19"
..June '19
"6s. net Sagebrusher, Hough (E.) 6s. 6d. net......Dec.' 19"
.Nov. '19
.July '19
"doctrine K. L.) 25., . Jan. '19"
of .. Feb. '19
.Apr. '19
63s. net Feb. '19
7s. 6d. Nov. '19
"for, Smith- ..Oct. '19"
. Nov. '18
"efficiency, &c., Jan. '19"
.July '19
5s. net Dec. '19
2s. 6d. net Nov. '19
"15S. net Sarkar (Benoy Kumar)-Hindu achievements in exact science. Cr. 8vo. 5s. net LONGMANS, May '19"
.Sep. '19
..June '19
".... Savory (Isabel)—The Romantic Roussillon in the French Pyrenees. Ryl. 8vo. 91×61, pp. 226, 25s. net UNWIN, Nov. '19"
.Feb. '19
"cent shop, Webling (P.) 6s. 9d. net.... Nov. '19"
"(D.) 5s. net... School authors and war, Stewart (H. F.) 6d. net Feb. '19"
5s. net Dec. '19
"school, Trafton ..Oct. '19"
"religion meet, ...Sep. '19"
3s. 6d. net July '19
"on, Taylor .Oct. '19"
10s. 6d. .Dec. '19
": Scotland Legislation (Private) Procedure Act, 1899 Journal of Proceedings upon Applications for Provisional Orders. Ea. 3d... Jan., &c.,'19"
"pp. 429, 15s. net Scott (James Brown)-James Madison's Notes of Debates in Federal Convertion of 1787 and their relation to a more Perfect Society of Nations. Ios. 6d. net....MILFORD, Feb. '19"
"...... Scottish Div., Three years with, Croft (W. D.) 9s. net Sep. '19"
"and others, 15s. net..... Sea, Folk-stories: Wander-ships, Bassett (W.) 6s, net .May, Aug. '19"
".... Sea gazer, Vickridge (A.) 3s. 6d. net... July '19"
3s. nat June '19
.Nov. '19
3s. 6d. net Aug. '19
.Oct. '19
"net Secret pathway, Askew (A. and C.) 6s. net May '19"
. Jan. '19
"pp. 304... Selected stories, Is. 6d. net"
"pp. 298, 6s. net Serbia, Fairy stories from, Tapsell (F. A.) 4d. . Sep. '19"
6d. net June '19
"7s. 6d. net..... Sermons for children, Church year, Osgood (P. E.) 6s. net ..Mar. '19"
.Oct. '19
"7th Div. Defeat of Austria, Crosse (E. E. 7s. 6d. net Seventh vial, Sleath (F.) 6s. net ........ Dec. '19"
.Nov. '19
.Dec. '19
"(71, High Holborn, W.C. 1) ARLINGTON PR., Mar. '19"
..Jan. '19
life and Apr. '19
9d. net Sep. '19
7s. 6d. net May '19
"8vo. Shaw (Frank H.)-Keepers of the sea. 81×6, pp. 311, 6s. net .... CASSELL, Oct. '19"
"pp. 335, 2s. net.... Shaw (G. B.)-Love among the artists. 6×4, pp. 331, 2s. net..CONSTABLE, Oct. '19"
"8vo. Shaw (G. B.)-An Unsocial socialist. 6×41, PP. 332, 2s. net.. CONSTABLE, Oct. '19"
".... Shephard (Rev. A. P.) The Lion tamer: mission- ary stories. Cr. 8vo. swd. 6d. net S.P.C.K., Dec. '19"
5s. net July '19
and Allen . Feb. '19
"...... Shirley (Hon. Ralph)-A Short Life of Abraham Lincoln. Cr. 8vo. 7 X5, pp. 189, 35. 6d. net WM. RIDER, Jan. '19"
"in, Pitman .Aug. '19"
..Nov. '19
"course exercise bk., ..July '19"
. Sep. '19
..Aug. '19
"of Sherlock Signs, signals, &c., Amer. boy's bk. of, Significance of the spiritual world, symbols, Glenconner (P.) 1s. net... Jan. '19"
8s. 6d. net .Apr. '19
"pp. 78, 7s. 6d. net Silence of Colonel Bramble, Maurois (A.) 5s. net Aug. '19"
... ..Aug. '19
net.. Jan. '19
"6d. net Sister to assist 'er, Le Breton (J.) 1s. Sister woman, Sime (J. G.) 7s. net Sisters, Norris (K.) 7s. net Situations and appointments that pay, ed. 2s. 6d. net ....... Feb. '19"
..June '19
.Dec. '19
1919. 40s. net
..July '19
"(78, Charing Cross Rd.) R. JASCHKE, June '19"
".... .......... .... an Slesser (Henry H.)-The Nature of being : essay in ontology. 8vo. 8×51, pp. 224, IOS. 6d. net. ALLEN & U., Mar. '19"
.Nov. '19
...Nov. '19
"and answers, ...... Nov. '19"
"8vo. 8×51, Small-pox and vaccination, Half a century of, McVail (J. C.) 5s. 6d. net. Small things, Deland (M.) 5s. net Smallholders: 1,000 questions Brown (E. T.) is. 6d. net.. Smallholder's year book, 1919. pp. 223, IS. 6d. net (16-18, Henrietta St., W.C. 2) ""THE SMALLHOLDER,"" Jan. '19"
"a practical suggestion. Cr. 8vo. 7x42, pp. 71, 6d. net....HODDER & S., Jan. '19"
net
"people, Liebk- Mar.'19"
"net Softley (J. W., Capt.)-Naval architecture for mates and masters. 8vo. 8×5, pp. 68, swd. 3s. 6d. net ..SIMPKIN, May '19"
"6d., Is. 3d. ·June '19"
3s. 6d. net Oct. '19
"net Social problems of the East, Lenwood net Social expression of Christianity, 5s. net. .Nov. '19"
(F.) 2s. 6d. July '19
"5s. net Sommers (Cecil)-Temporary crusaders. Cr. 8vo. 7×5, pp. 150, 4s. net.. .LANE, July '19"
6d. net July '19
"(M.) 7s. 6d. Songs in sunshine and shadow, Roberts net Songs of a sea-side village, Goodyear 2s. 6d. net.. .Nov. '19"
(R. A. H.) .Nov. '19
..Nov. '19
"3s. 6d. net Songs of the underworld, Yore (C.) 2s. net Aug. '19"
"3s. 6d. net Songs, Seven spiritual, Campion (T.) 2s. 6d. net Nov. '19"
"5s. net. Sonnets from the Portuguese, Browning (E. B.) Sep. '19"
"2s. net Sonnets from the Portuguese, Browning (E. B.) (illus. by Leeson) 42s., 63s. net .Dec. '19"
"2s. 6d. net BLACKIE, July '19"
"2s. 6d. net Sophocles-Ajax. Trans. by R. C. Trevelyan. Cr. 8vo. 7× 5, pp. 58, 2s. net ALLEN & U., Oct.'19"
".DENT, Feb. '19"
"net Spanish commercial reader, Warren (J.) 3s. 6d. Oct. '19"
"making of, . May '19"
6d. net Mar. '19
"5 vols., ea. Sep. '19"
.July '19
"the romance of a flying-boat P. I. X."" 8vo. 8×5, pp. .BLACKWOOD, Nov. '19"
6d. net Mar. '19
(L. B. de) ..Dec. '18
"net Spiritualism, Follies and frauds of, Mann (W.) 5s., 3s. 6d. net Apr. '19"
(F. B.) 6d. . Dec. '19
(Sir A. C.) . May '19
"truths of, Henslow May '19"
25s. net Oct. '19
.Aug. '19
4s. net . June '19
-Scottie and some others. Is. 6d. net .Sep. '19
"2s.net Stamp collecting notes, Lincoln (W. S.) 2s. 6d. net Oct. '19"
..Nov. '19
"(Hambledon Plays, COPE & F., July '19"
.Feb. '19
"net Statistical methods, Intro. to, Secrist (H.) 10s. 6d. .Feb. '19"
.Sep. '19
"17s. 6d. net Statutory rules and orders other than those of a local, personal or temporary character, issued in 1917; with a list of statutory orders of a local character arranged in classes, an appendix of certain orders in council, &c., issued under the Royal prerogative, and index. 20S. H.M. STATIONERY OFF., Feb. '19"
"net Steel, Hardening and tempering of, Reiser (F.) Oct. '18"
"... Stenhouse (Agnes L. and E.)-A Health reader for girls. Cr. 8vo. 7 X4, pp. 190, 38. MACMILLAN, Jan. '19"
"(G. E.) 7s. 6d. net Stevenson, R. L. Scotland's lament, poem, Barrie (J. M.) (Priv. pr.) . Dec. '18"
.......
"...... Stewart (A. D.)-Isobel's winnowing: the triumph of a woman's faith. Cr. 8vo. 7×5, pp. 288. 6s. net ..MORGAN & S., Apr. '19"
"pp. 318, 7s. 6d. net.... Stirling (Elizabeth)—Barbara Mary. Cr. 8vo. 7×51, pp. 277, 7s. net.... .S. PAUL, Feb. '19"
2s. net Sep. '19
"... Stokes (H. P., Rev.)-Cambridge stationers, printers, book-binders, &c. 8vo., swd. Is. 6d. net ...BOWES & B.; MACMILLAN, Apr. '19"
.Jan. '19
...Dec. '18
6d. net Νου. '19
"..... Story natural history, Talbot (E.) 7s. 6d. net Nov. '19"
"101×8, pp. 176, 6s. .MILFORD, Oct. '19"
"net Strategy of life, Porritt (A.) 4s. 6d. net ..Nov. '19"
"3s.net Strength of the strong, London (J.)1s. 6d.net July'19"
3s. net Aug. '19
"net ... Student in arms, Hankey (D.) 2nd ser. .. ""Studio "" Year book of decorative art, 1919. With special articles on Cottage design, decoration and equipment. Ed. by Geoffrey Holme. Fol. 11×8, pp. 142, 10s. 6d. net; swd 7s. 6d. net THE STUDIO,"" June '19"
"net Stumbles (A.)-The White ants: a story of South African life. Cr. 8vo. 7× 41, pp. 263, 6s. net HEATH, CRANTON, July '19"
"2s. 6d. Suffering, punishment an atonement, Johnson (E. W.) 5s. net ..Apr. '19"
30s.net Oct. '19
"net Surgery, Groundwork of, Cooke (A.) 7s. Surgery of the face, War, Roberts (J. net Surgery of the temporal bone, Ballance 105s. net Surgery, Orthopaedic, Whitman (R.) Nov. '19"
"(C. A., Sir) ..Dec. '19"
36s. net June '19
"94s. 6d. net Surgery, Synopsis of, Groves (E. W. H.) 12s. 6d. .Mar. '19"
..Nov. '19
(R. W.) June '19
7s. 6d. net ..Mar. '19
is. net Dec. '18
. Feb. '19
5s. net Sep. '19
5s. net Dec. '19
"7s. 6d. Sutherland (G.) -Constitutional power and world affairs. Cr. 8vo. 6s. 6d. net (Columbia Univ. lectures).. .MILFORD, June '19"
".... Sweet and Maxwell's Diary for lawyers, 1919. 8×5, pp. 480, 5s. net SWEET & M., Jan. '19"
"6s. net ..... Tagore (Rabindranath)—Parrot's training. 8vo. 3s. 6d. net .THACKER, Jan '19"
(P. B.) 3s. 6d. Sep. '19
(F. O.) 2s. . June '19
and M.) 6s. .Dec. '19
(G.) 7s. net Nov. '19
.July '19
"net Tales of the makers of New England, Harris (W. M.) 6d. net .June '19"
"....... H.M. STATIONERY OFF., Apr. '19"
"its Taylor (G. R. Stirling)-The Guild State : principles and possibilities. Cr. 8vo. 7×5, pp. 153, 4s. 6d., 3s. 6d. net ALLEN & U., Oct. 19"
.Dec. '19
6d. net Dec. '19
is. net Sep. '19
..Dec. '19
"&c., Hoyle .Feb. '19"
"........ Tenants' emergency charter under the Rent Re- striction Acts (The). 8vo. 81× 51, pp. 23, swd. 7d. OLIVER & B., May '19"
.Aug.'19
.Dec. '19
"8vo. 15s. net KIMPTON, Nov. '19"
is. 6d. net Apr. '19
"30th Division, Brief hist. of. Thirty-Nine Articles, Theol. intro. (E. J.) 21s. net Thirty-nine steps, Buchan (J.) 5s. net 37th Divison: Golden horseshoe. 3s. Sep. '19"
"to, Bicknell .Feb. '19"
..May '19
6d. net June '19
.Feb. '19
..Dec. '19
"a Cr. 8vo. Thomson (Robert)-Unfoldings in Romans: simple exposition of Chaps. 1 to 8. 7×5, pp. 136, 35. net..MORGAN & S., Apr. '19"
".... Thorne (Guy)--Wine the mocker. Cr. 8vo. 7×5, pp. 320, 7s. net ..LONG, Feb. '19"
.Dec. '19
"net Throat, &c., Diseases of, Porter (W. G.) 12s. 6d. net Throat, Care of nose and, Stuart-Low (W.) 3s. 6d. July '19"
.Apr. '19
Νου. '19
"poems, Winn (L. H.) July '19"
"(Pylus and ............ Thucydides Book IV, Chapters i-xli. Sphacteria.) Edit. by J. H. E. Crees and J. C. Wordsworth. Cr. 8vo. 61 × 41, pp. 112, 2s. 6d. net .CAMB. UNIV. PR., Oct. '19"
"'Tilda and Teddy, Lambert (H. G. C. M.) IS. Nov. '19"
"net Tim and the twins, Mais (E. C.) is. 3d. net Dec. '19"
"ΤΟ ...... Time flies, plays, Dickinson (L. A. H.) 3s. 6d. net Jan. '19"
.Oct. '19
"1919, 20s. Titterton (Julia)-La Patrie: echos de l'histoire de France pour les commençants. historical table and vocab. Illus. Cr. 8vo. 71× 44, pp. 78, 2s. With (Clarendon Pr.) MILFORD, Jan. '19"
net
"8s. 6d. net... Todd (Arthur)-Life of Richard Ansdell, R.A. Illus. 11x81, pp. 56, 5s. net (Manchester) SHERRATT & H., May '19"
".... Tomlinson (E. T.)-The Story of General Pershing. Cr. 8vo. 6s. 6d. net......APPLETON, Ost.'19"
net .Apr. 19
".... Tremaine (Herbert)-Two months. Cr. 8vo. 7s. net .DANIEL, July '19"
..Aug. '19
6d. net Oct.' 19
"of, with .Feb. '19"
"(J. C.) net Triplane and stable plane, Hunsaker 35. net. Triptych, Lorraine (E.) 3s. net. Feb. '19"
. June '19
.Dec. '18
".... Turks, Year's captivity in hands of, Limmer (R.) IS. net .June '19"
"net Turner (Philip)-Inguinal hernia. Ryl. 8vo. 9s. 6d. net ..CHURCHILL, Oct. '19"
and Wrench (G. T.)- May '19
.Oct. '19
"7s. 6d. net Tweedy (E. Hastings) Turk, ""Clean-fighting."" 3d. net Turkey Brit. campaigns in Nearer East, 1914- 18, Dane (E.) 7s. 6d. net Turkey, Hellenism in. Is. Turkey: Road to En-Dor, Jones (E. H.) 8s. 6d. net Turkeys and Guinea Fowl for profit. Expert. 8vo. swd. 9d. net Dec. '19"
"practical obstetrics. 4th ed. 8vo. 8 x 51, pp. 578, 21S. net FROWDE & HODDER & S., Feb. '19"
"25th Div. in France, &c., Kincaid-Smith (M.) 5s. net Dec. '19"
"29th Div., With the incomparable, Mure (A. H.) 5s. net .Dec. '19"
(G.) 3s. 6d. Dec. '19
"statement of fact, O'Hegarty (P. S.) IS. Ulster net Ulster, Unconquerable, Pim (H. M.) . May '19"
(R.) 2s. 6d. .June '19
"net a Unger (Gladys)-Our Mr. Hepplewhite: comedy in three acts. Cr. 8vo. 71× 41, pp. 107, swd. 2s. net .FRENCH, Oct. '19"
"(Birmingham) J. A. HOMER, Oct. '18"
"net Universities, &c., Irish. See under Irish. Dec. '19"
4s. 6d. net Nov. '19
net..Oct. '19
.May '19
"6s. net Up the hill and over, Mackay (I. E.) 6s. 9d. net Dec. '18"
6d. net July '19
(B.) 2s. net Dec. '19
2s. 6d..... Sep. '18
".... Vaiti of the Islands, Grimshaw Vale, poems, Powlett (N. O.) Valentine (Wellesley)-The Tyranny of prejudice. 7×4, pp. 24, Is. net..STOCKWELL, Dec. '19"
"over. some Vance (James I.) The Life of service: Christian doctrines from Paul's experience in the Epistle to the Romans. 2nd ed. Cr. 8vo. 7×5, pp. 219, 5s. 6d. net.. REVELL, Sep. '19"
.Nov. '19
Νου. '19
6s. net Aug. '19
.Nov. '19
.Apr. 19
.Nov. '19
"net Vischer (A. L.)-Barbed wire disease: a psycho- logical study of the prisoner of war. Intro. ch. by S. A. Kinnier Wilson. Frontis. by Miss E. Fortescue-Brickdale. Cr. 8vo. 7×51, pp. 84, swd. 3s. 6d. net .BALE, June '19"
..Nov. '19
...Nov. '19
"net Vital Message, Doyle (A. C.) 5s. net Vivian Grey, Beaconsfield (Earl of) 4s. 6d. net Nov. '19"
..Mar. '19
12s. 6d. net Dec. '19
4s. 6d. net Mar. '19
"8x5, ea. Is. Voices. (Monthly.) No. 1, Jan., &c. net (32A, Pall Mall, Manchester) J. H. WARD, Jan. '19"
.June '19
".... Wadia (D. N.)-Geology of India: for students. 8vo. 8×51, pp. 418, 18s. net net ... MACMILLAN, Sep. '19"
"net ...... Walker (Rowland)-Deville McKeene: the British Ace. Cr. 8vo. 7× 51, pp. 248, 3s. 6d. net....... .PARTRIDGE. Oct. '19"
"2. Wallace (Edgar)—The Four just men. Cr.8vo. pp. 252, IS. net .NEWNES, Jan. 19"
"a romance. Cr. MACMILLAN, Aug. '19"
"net Walter (H. A.)-The Ahmadiya movement. Cr. 8vo. 3s. 6d. net (Religious life of India ser.) MILFORD, July 19"
"...... net Wandsworth Prison-Report on an Inquiry, 2d. H.M. STATIONERY OFF., Aug. '19"
captivity in. .Feb. '19
(R.) 10s. 6d. .Aug. '19
.May '19
...Mar. '19
(R. M. and Dec. '19
.Apr. '19
(J. M.) and ..Apr. 19
"of, Pirie- .May '19"
·June '19
.Dec. '19
"net War: War: Insurance, Effects on, Cephart (W. F.) 5s.net Feb. '19"
"...... War: Gallipoli, 10th Div. in, Cooper (B.) 3s. net Apr. '19"
"75. 6d. net. War Insurance Schemes (Govt.)-Preliminary statement of results. 2d. H.M. STATIONERY OFF., Apr. '19"
8s. 6d. net May '19
7s. net Sep. '19
and Row- Dec. '19
... Sep. '19
.Mar.'19
.Mar. '19
28s. net Nov. '19
"net War, Naval Sons of Admiralty, Hurd (A.) and Bashford (H. H.) 7s. 6d. net ..... May '19"
"by Y."" ..Feb. '19"
21s. net Nov. '19
".... WAR: SWITZERLAND War, Punch's History of the Great. IOS. 6d. net July '19"
(E. V.) and .July '19
"&c., Poulten .May '19"
"4s., 2s. 6d. net Jan. '19"
.Sep. '19
10s. 6d. ..Oct. '19
"..... War Savings Ctte. (National)-National economy ser. 1, The Need for saving in peace time. 2d. .H.M. STATIONERY OFF., Jan. '19"
6d. net July '19
and others. . Dec. '19
.Dec. '19
"...... Ward (Sir A. W.)-Securities of peace: a retro- spect, 1848-1914. Cr. 8vo. 7×4, pp. 126, 35. net, swd. 2s. net. (Helps for students of history No. 12) .S.P.C.K., Apr. '19"
"...... 8vo. Ward (F. O.)-Tales from Pinkie-Ponkie-Poo. 18mo. 2s. net .MORLAND PR., June '19"
"6d. net Wars of religion, French, Tilley (A.) Nov. '19"
".... Watch and pray, Danter (A. C.) is. 6d. net Nov.'19"
"awn (F. T.)-The Joyful years. 2nd ed. Cr. 8vo. 7×5, pp. 468, 3s. 6d. net MELROSE, Jan. '19"
(Lord) June '19
3s. 6d. net Mar. '19
3s. 6d. net Mar. '19
..Apr. '19
".......... Webb (Mrs. Sydney)-The Wages of men and women should they be equal? 8vo. 81×51, pp. 79. swd. Is. net FABIAN SOCIETY, July '19"
"(W.) 2s. 3d. net Wegmann (Edward)-Conveyance and distribu- tion of water for water supply. 8vo. 9×61, pp. 663, 26s. net CONSTABLE, Oct. '19"
ones.
"(L. E.) 3s. 6d. net Wells (Robert)-Toffy and sweets: how to make them, for the trade or the amateur. 18mo. 6×4, pp. 75, Is. 6d.......SIMPKIN, Mar. '19"
"125, 2s. net Westrup (Margaret)-The Devil's problem. Cr. 8vo. 7×5, pp. 320, 6s. 9d. net HURST & B., Feb '19"
..Mar. '19
..Mar. '19
..Oct. 19
.Nov. '19
(C.) 25. net July '19
"..... """" net Whispering dead, Ganachilly (A.) 6s. net.. Sep. '19"
"pp. 320, 6s. net White (G. Cecil, Rev.)-Righteousness and peace, and other short stories preached at Freshwater. Cr. 8vo. 7×5, pp. 79, 2s. 6d. net ...... SKEFFINGTON, Aug. '19"
"net White Fox. See Hargrave (John). White glove, White (F. M.) 6s. net.... . May '19"
"..... Whiteford (James F.)-Factory management wastes, and how to prevent them. 8vo. 8×51, pp. 230, 12s. 6d. net ...NISBET, Nov. '19"
"an Wild (Ernest E.)-The Lamp of destiny, and other poems. Cr. 8vo. 7×5, pp. 64, 3s. 6d. net, swd. 2s. 6d. net..... .MATHEWS, Jan. '19"
"net Wilde (Arthur)-New light on the hereafter. 8vo. pp. 66, 9d. SWEDENBORG Soc., Dec. '17 Wilde (Oscar)-A Critic in Pall Mall: being extracts from reviews and miscellanies. Cr. 8vo. 7X4, pp. 224, 6s. 6d. net..METHUEN, Oct. '19"
net
".............. Wilkinson (James J. G.)-The Human body and its connexion with man. 3rd ed. 8vo. pp. 473, 6s. NEW-CHURCH PR., Dec. '18"
"compensation. 18th ed. .BUTTERWORTH, May '19"
"...... Workmen's IOS. 6d. net Willmore (J. S.)-The Story of King Con- stantine: As revealed in the Greek White Book. 8vo. 8×51, pp. 83, swd. 2s. 6d. net LONGMANS, Apr. '19"
7s. net Apr. '19
....
".... Wireless: Simple fault tracing, Brown (S. W.) Is. 6d. net .Nov. '19"
"of terms, Ward Bucher . Feb. '19"
..June '19
. Dec. '18
. Dec. '19
6d. net July '19
.Nov.'19
3d. June'19
"....... Wonder book of animals. Ed. by Harry Golding. 6s. net. Wonderful drama of Punch Ryl. 8vo., 101×8, pp. 32, Salaman July '19"
"and Judy (The). 1s. 6d. net NELSON, Aug. '19"
6s. net Sep. '19
"(C. R.) 3s. 5S. Wonders of scientific discovery, Gibson net .Oct. '19"
.Nov. '19
...July '19
...Aug. '19
(W. F.) July '19
"6d., 2s. net Apr. '19"
"net Worley (George)-The Black letter days of the Prayer calendar. Cr. 8vo. 7×5, pp. 134, 45. COPE & F., Nov. '19"
apparatus .Feb. '19
"effects, Daw .Jan. '19"
(R.) and Feb. '19
"of, Gray Wounds of pleura and lung, Gregoire Courcoux (A.) 7s. Ed. net Wounds, War, Early treatment (H. M. W.) Ios. net... May '19"
.Oct. '19
".... Wrack, stories, O'Byrne (D.) 3s. 6d. ..Jan. '19"
"4d. Writings, Lalor (J. F.) Collected. 2s., Is. net Jan. '19"
"1913-14. IS. Wyandottes, Modern, Ellett (A. E.) IS. 6d. net June '19"
"305, 6s. net Wylie (I. A. R.)—The Duchess in pursuit. Cr. 8vo. 7×5, pp. 179, 2s. net....MILLS & B., Oct. '19"
"30s. net Y.M.C.A. Wyllarde (Dolf)-The Holiday husband. Cr. 8vo. 7×5, pp. 256, 6s. 9d. net HURST & B. Apr. '19"
".. Wynne (May)-Nipper & Co. Cr. 8vo. 7×41, pp. 218, 3s. 6d. net .PAUL, Dec. '19"
4s. 6d. net Jan. '19
..Dec. '19
"........ Yorke (Curtis)--Queer little Jane. Pop. ed. 8vo. pp. 254, 6s... .LONG, Dec. '18"
7s. 6d. net June '19
....
"7s. 6d. net You're only young once, Widdemer (M.) 6s. net Sep. '19"
..June '19
".. Zeigher (Victor)-Popular oil geology. Cr. 8vo. IIS. 6d. net. ..CHAPMAN & H., Apr. '19"
".... Zionism, Hist. of Sokolow (N.) Vol. 1, 21S. net Mar. '19"
.Nov. '19
16s. net Jan. '19
.Aug. '19
Νου. '19
"light and shade Cr. 8vo. 7X5, .Low, June '19"
