"Day (J. Roberson)-Adenoids Treated withoutOperation. Illus. 8vo., pp. 42, is. netJ. EPPs, Dec. 00Day (Thomas)— The History of Sandford andMerton. Cr. 8vo. 71 X 4, pp. 344, Is.BLACKIE, Feb. 10"
"Day (J. Roberson)-Adenoids Treated withoutOperation. Illus. 8vo., pp. 42, is. netJ. EPPs, Dec. 00Day (Thomas)— The History of Sandford andMerton. Cr. 8vo. 71 X 4, pp. 344, Is.BLACKIE, Feb. 10"
"Day (J. Roberson)-Adenoids Treated withoutOperation. Illus. 8vo., pp. 42, is. netJ. EPPs, Dec. 00Day (Thomas)— The History of Sandford andMerton. Cr. 8vo. 71 X 4, pp. 344, Is.BLACKIE, Feb. 10"
"Day (J. Roberson)-Adenoids Treated withoutOperation. Illus. 8vo., pp. 42, is. netJ. EPPs, Dec. 00Day (Thomas)— The History of Sandford andMerton. Cr. 8vo. 71 X 4, pp. 344, Is.BLACKIE, Feb. 10"
"(J. Roberson)-Adenoids Treated withoutOperation. Illus. 8vo., pp. 42, is. netJ. EPPs, Dec. 00Day "
"Day (J. Roberson)-Adenoids Treated withoutOperation. Illus. 8vo., pp. 42, is. netJ. EPPs, Dec. 00Day (Thomas)— The History of Sandford andMerton. Cr. 8vo. 71 X 4, pp. 344, Is.BLACKIE, Feb. 10Day (Thomas)— The History of Sandford andMerton. New edit. Cr. 8vo. 71 x 41, pp. 344,. BLACKIE, Sep. 10Day by Day we Worship Thee : Readings andPrayers from Holy Scripture and the Book ofCommon Prayer. 8vo. 9 X5), pp. 242, 35. 60.netGARDNER, D., Nov, 10Day in Court, Wellman (F. L.) 8s. 6d. net Mar. 10Day of Days (The). Vol. 39. Ryl. 8vo. 25.OFFICE, Dec. 10Dayrell (Elphinstone)-Folk Stories fromSouthern Nigeria, West Africa. Cr. 8vo. 8 X5),pp. 176, 49, 6d. net ....LONGMANS, Apr. 10Days and Hours in a Garden, Boyle (E. V.) 58.Dec. 10Days of Auld Lang Syne, Maclaren (I.) is. netSep. 1oDay's Play, Milne (A. A.) 6s.... Sep. 10De "
"(J. Roberson)-Adenoids Treated withoutOperation. Illus. 8vo., pp. 42, is. netJ. EPPs, Dec. 00Day (Thomas)— The History of Sandford andMerton. Cr. 8vo. 71 X 4, pp. 344, Is.BLACKIE, Feb. 10Day "
"Day (J. Roberson)-Adenoids Treated withoutOperation. Illus. 8vo., pp. 42, is. netJ. EPPs, Dec. 00Day (Thomas)— The History of Sandford andMerton. Cr. 8vo. 71 X 4, pp. 344, Is.BLACKIE, Feb. 10"
"Dawson (William H.)-The Uncarned Increment.3rd edit.Cr. 8vo. 73 X5, pp. 218, 28.6d.(Social Science Ser.).. SONNENSCHEIN, Mar. 10Dawson (William H.)-The Vagrancy Problem.Cr. 8vo. 74 X 4*, pp. 286, 5s. netP. S. KING, May itDay (E. Hermitage)-Ober-Ammergau and thePassion Play: a Practical and Historical Hand-book for Visitors. 12mo. 64 X4, pp. 104,is. 6d. net, swd. is. net.... MOWBRAY, Mar. 10Day (E. Hermitage)--Renaissance Architecturein England. 16mo. 61 X41, pp. 188, Is. 60.net (The Arts of the Church)MOWBRAY, July 10Day (Lewis F.)--Alphabets Old and New. 3rdedit., rev. and enlarged. Cr. 8vo. 8 X 51.pp. 286, 5s. net.. BATSFORD, Nov. 10Day (Holman)--The Ramrodders : novelCr. 8vo. 7 1 X5, pp. 360, 6s. ..HARPER, June 10Day (J. Roberson)-Adenoids Treated withoutOperation. Illus. 8vo., pp. 42, is. netJ. EPPs, Dec. 00Day (Thomas)— The History of Sandford andMerton. Cr. 8vo. 71 X 4, pp. 344, Is.BLACKIE, Feb. 10Day (Thomas)— The History of Sandford andMerton. New edit. Cr. 8vo. 71 x 41, pp. 344,. BLACKIE, Sep. 10"
"Day (J. Roberson)-Adenoids Treated withoutOperation. Illus. 8vo., pp. 42, is. netJ. EPPs, Dec. 00Day (Thomas)— The History of Sandford andMerton. Cr. 8vo. 71 X 4, pp. 344, Is.BLACKIE, Feb. 10"
"Day (J. Roberson)-Adenoids Treated withoutOperation. Illus. 8vo., pp. 42, is. netJ. EPPs, Dec. 00Day (Thomas)— The History of Sandford andMerton. Cr. 8vo. 71 X 4, pp. 344, Is.BLACKIE, Feb. 10"
